"str_FULLNAME";"str_NAME";"str_TELEPHONE";"str_MOBILE";"str_ADRESSE";"str_REGISTRE_COMMERCE";"int_NBRE_EXEMPLAIRE_BORD";"b_IsAbsolute";"dbl_PLAFOND_CREDIT";"b_CANBEUSE";"int_MONTANTFAC";"dbl_REMISE_FORFETAIRE";"str_CODE_RISQUE";"str_CODE_TYPE_TIERS_PAYANT";"str_CODE_COMPTABLE"
"COMAR SADEP";"COMAR SADEP";"20202459";"";"ABJ";"";"1";"0";"0,00";"1";"-1";"0,00";"01";"01";"46700000000"
"MCI CARE COTE D'IVOIRE";"MCI CARE COTE D'IVOIRE";"20316500";"";"ABJ";"";"1";"0";"0,00";"1";"0";"0,00";"01";"01";"46700000000"
"MCI CARE SAHAM BENIN";"MCI CARE SAHAM BENIN";"20316500";"";"ABJ";"";"1";"0";"0,00";"1";"-1";"0,00";"01";"01";"46700000000"
"COMAR ";"COMAR";"20202455";"";"01 BP5699 ABIDJAN 01";"";"1";"0";"0,00";"1";"-1";"0,00";"01";"01";"46700000000"
"ASCOMA INTELCIA";"ASCOMA INTEL";"0000";"";"0000";"";"1";"0";"0,00";"1";"-1";"0,00";"01";"01";"46700000000"
"COMAR ORDILUX";"COMAR ORDI";"0000";"";"00000000";"";"1";"0";"0,00";"1";"-1";"0,00";"01";"01";"46700000000"
"WILLIS TW 3A VIE";"WILLIS TW 3A VIE";"0";"";"ABJ";"";"2";"0";"0,00";"1";"-1";"0,00";"01";"01";"46700000000"
"WILLIS TW AERIA";"WILLIS TW AERIA";"0";"";"ABJ";"";"2";"0";"0,00";"1";"-1";"0,00";"01";"01";"46700000000"
"WILLIS TW AFREN CI";"WILLIS TW AFREN CI";"0";"";"ABJ";"";"2";"0";"0,00";"1";"-1";"0,00";"01";"01";"46700000000"
"WILLIS TW AIR BURKINA/GS BURKINA";"WILLIS TW AIR BURKINA/GS BURKINA";"0";"";"ABJ";"";"2";"0";"0,00";"1";"-1";"0,00";"01";"01";"46700000000"
"WILLIS TW AIR France";"WILLIS TW AIR France";"0";"";"ABJ";"";"2";"0";"0,00";"1";"-1";"0,00";"01";"01";"46700000000"
"WILLIS TW ALIANZ ASSUR(Agence)";"WILLIS TW ALIANZ ASSUR(Agence)";"0";"";"ABJ";"";"2";"0";"0,00";"1";"-1";"0,00";"01";"01";"46700000000"
"WILLIS TW ALLIANZ CI ASSURANCES";"WILLIS TW ALLIANZ CI ASSURANCES";"0";"";"ABJ";"";"2";"0";"0,00";"1";"-1";"0,00";"01";"01";"46700000000"
"WILLIS TW ATLANTA ASSURANCES";"WILLIS TW ATLANTA ASSURANCES";"0";"";"ABJ";"";"2";"0";"0,00";"1";"-1";"0,00";"01";"01";"46700000000"
"WILLIS TW ATLANTA ASSURANCE DIRECT";"WILLIS TW ATLANTA ASSURANCE DIRECT";"0";"";"ABJ";"";"2";"0";"0,00";"1";"-1";"0,00";"01";"01";"46700000000"
"WILLIS TW ATLANTIQUE ASSURANCES";"WILLIS TW ATLANTIQUE ASSURANCES";"0";"";"ABJ";"";"2";"0";"0,00";"1";"-1";"0,00";"01";"01";"46700000000"
"WILLIS TW ATLANTIQUE ASSUR_D";"WILLIS TW ATLANTIQUE ASSUR_D";"0";"";"ABJ";"";"2";"0";"0,00";"1";"-1";"0,00";"01";"01";"46700000000"
"WILLIS TW AXA AUTOFI";"WILLIS TW AXA AUTOFI";"0";"";"ABJ";"";"2";"0";"0,00";"1";"-1";"0,00";"01";"01";"46700000000"
"WILLIS TW AXA COTE-D'IVOIRE";"WILLIS TW AXA COTE-D'IVOIRE";"0";"";"ABJ";"";"2";"0";"0,00";"1";"-1";"0,00";"01";"01";"46700000000"
"WILLIS TW BOUYGUES E&S";"WILLIS TW BOUYGUES E&S";"0";"";"ABJ";"";"2";"0";"0,00";"1";"-1";"0,00";"01";"01";"46700000000"
"WILLIS TW BRASSIVOIRE";"WILLIS TW BRASSIVOIRE";"0";"";"ABJ";"";"2";"0";"0,00";"1";"-1";"0,00";"01";"01";"46700000000"
"WILLIS TW CIPREL";"WILLIS TW CIPREL";"0";"";"ABJ";"";"2";"0";"0,00";"1";"-1";"0,00";"01";"01";"46700000000"
"WILLIS TW COMAR DIRECT";"WILLIS TW COMAR DIRECT";"0";"";"ABJ";"";"2";"0";"0,00";"1";"-1";"0,00";"01";"01";"46700000000"
"WILLIS TW COMAR SA";"WILLIS TW COMAR SA";"0";"";"ABJ";"";"2";"0";"0,00";"1";"-1";"0,00";"01";"01";"46700000000"
"WILLIS TW COMPAGNIE FRUITIERE";"WILLIS TW COMPAGNIE FRUITIERE";"0";"";"ABJ";"";"2";"0";"0,00";"1";"-1";"0,00";"01";"01";"46700000000"
"WILLIS TW FAN MILK COTE-D'IVOIRE";"WILLIS TW FAN MILK COTE-D'IVOIRE";"0";"";"ABJ";"";"2";"0";"0,00";"1";"-1";"0,00";"01";"01";"46700000000"
"WILLIS TW GNA ASSURANCE CI";"WILLIS TW GNA ASSURANCE CI";"0";"";"ABJ";"";"2";"0";"0,00";"1";"-1";"0,00";"01";"01";"46700000000"
"WILLIS TW GROUPE BOLLORE";"WILLIS TW GROUPE BOLLORE";"0";"";"ABJ";"";"2";"0";"0,00";"1";"-1";"0,00";"01";"01";"46700000000"
"WILLIS TW GROUPE BUR VERITAS";"WILLIS TW GROUPE BUR VERITAS";"0";"";"ABJ";"";"2";"0";"0,00";"1";"-1";"0,00";"01";"01";"46700000000"
"WILLIS TW GROUPE CEMOI";"WILLIS TW GROUPE CEMOI";"0";"";"ABJ";"";"2";"0";"0,00";"1";"-1";"0,00";"01";"01";"46700000000"
"WILLIS TW GROUPE CFAO";"WILLIS TW GROUPE CFAO";"0";"";"ABJ";"";"2";"0";"0,00";"1";"-1";"0,00";"01";"01";"46700000000"
"WILLIS TW GROUPE ENDEAVOUR";"WILLIS TW GROUPE ENDEAVOUR";"0";"";"ABJ";"";"2";"0";"0,00";"1";"-1";"0,00";"01";"01";"46700000000"
"WILLIS TW GROUPE YESHI";"WILLIS TW GROUPE YESHI";"0";"";"ABJ";"";"2";"0";"0,00";"1";"-1";"0,00";"01";"01";"46700000000"
"WILLIS TW IVOIRE BOISSON";"WILLIS TW IVOIRE BOISSON";"0";"";"ABJ";"";"2";"0";"0,00";"1";"-1";"0,00";"01";"01";"46700000000"
"WILLIS TW LION GPL SA";"WILLIS TW LION GPL SA";"0";"";"ABJ";"";"2";"0";"0,00";"1";"-1";"0,00";"01";"01";"46700000000"
"WILLIS TW MANUTENTION AFRICAINE";"WILLIS TW MANUTENTION AFRICAINE";"0";"";"ABJ";"";"2";"0";"0,00";"1";"-1";"0,00";"01";"01";"46700000000"
"WILLIS TW MSP SOCIETE GENERAL CI";"WILLIS TW MSP SOCIETE GENERAL CI";"0";"";"ABJ";"";"2";"0";"0,00";"1";"-1";"0,00";"01";"01";"46700000000"
"WILLIS TW MSPCI";"WILLIS TW MSPCI";"0";"";"ABJ";"";"2";"0";"0,00";"1";"-1";"0,00";"01";"01";"46700000000"
"WILLIS TW MTN";"WILLIS TW MTN";"0";"";"ABJ";"";"2";"0";"0,00";"1";"-1";"0,00";"01";"01";"46700000000"
"WILLIS TW MUMAP";"WILLIS TW MUMAP";"0";"";"ABJ";"";"2";"0";"0,00";"1";"-1";"0,00";"01";"01";"46700000000"
"WILLIS TW MUSACSIEM";"WILLIS TW MUSACSIEM";"0";"";"ABJ";"";"2";"0";"0,00";"1";"-1";"0,00";"01";"01";"46700000000"
"WILLIS TW MUTUELLE ACIERIES";"WILLIS TW MUTUELLE ACIERIES";"0";"";"ABJ";"";"2";"0";"0,00";"1";"-1";"0,00";"01";"01";"46700000000"
"WILLIS TW MUTUELLE SANTE SOLIBRA";"WILLIS TW MUTUELLE SANTE SOLIBRA";"0";"";"ABJ";"";"2";"0";"0,00";"1";"-1";"0,00";"01";"01";"46700000000"
"WILLIS TW MUTUELLE SANTE PECHE";"WILLIS TW MUTUELLE SANTE PECHE";"0";"";"ABJ";"";"2";"0";"0,00";"1";"-1";"0,00";"01";"01";"46700000000"
"WILLIS TW MUTUELLE DE SANTE IDIS";"WILLIS TW MUTUELLE DE SANTE IDIS";"0";"";"ABJ";"";"2";"0";"0,00";"1";"-1";"0,00";"01";"01";"46700000000"
"WILLIS TW NSIA-ASSURANCES";"WILLIS TW NSIA-ASSURANCES";"0";"";"ABJ";"";"2";"0";"0,00";"1";"-1";"0,00";"01";"01";"46700000000"
"WILLIS TW NSSIA-ASSURANCES COURTAGE";"WILLIS TW NSSIA-ASSURANCES COURTAGE";"0";"";"ABJ";"";"2";"0";"0,00";"1";"-1";"0,00";"01";"01";"46700000000"
"WILLIS TW ORABANK-COTE D'IVOIRE";"WILLIS TW ORABANK-COTE D'IVOIRE";"0";"";"ABJ";"";"2";"0";"0,00";"1";"-1";"0,00";"01";"01";"46700000000"
"WILLIS TW ORYX GAZ COTE D'IVOIRE";"WILLIS TW ORYX GAZ COTE D'IVOIRE";"0";"";"ABJ";"";"2";"0";"0,00";"1";"-1";"0,00";"01";"01";"46700000000"
"WILLIS TW PORT AUTONOME";"WILLIS TW PORT AUTONOME";"0";"";"ABJ";"";"2";"0";"0,00";"1";"-1";"0,00";"01";"01";"46700000000"
"WILLIS TW PRESIDENCE CI";"WILLIS TW PRESIDENCE CI";"0";"";"ABJ";"";"2";"0";"0,00";"1";"-1";"0,00";"01";"01";"46700000000"
"WILLIS TW RESULTS";"WILLIS TW RESULTS";"0";"";"ABJ";"";"2";"0";"0,00";"1";"-1";"0,00";"01";"01";"46700000000"
"WILLIS TW SAAR-CI";"WILLIS TW SAAR-CI";"0";"";"ABJ";"";"2";"0";"0,00";"1";"-1";"0,00";"01";"01";"46700000000"
"WILLIS TW SAAR-CI AGENCE";"WILLIS TW SAAR-CI AGENCE";"0";"";"ABJ";"";"2";"0";"0,00";"1";"-1";"0,00";"01";"01";"46700000000"
"WILLIS TW SAHAM ASSURANCE CI";"WILLIS TW SAHAM ASSURANCE CI";"0";"";"ABJ";"";"2";"0";"0,00";"1";"-1";"0,00";"01";"01";"46700000000"
"WILLIS TW SEMPA";"WILLIS TW SEMPA";"0";"";"ABJ";"";"2";"0";"0,00";"1";"-1";"0,00";"01";"01";"46700000000"
"WILLIS TW SERENITY SA";"WILLIS TW SERENITY SA";"0";"";"ABJ";"";"2";"0";"0,00";"1";"-1";"0,00";"01";"01";"46700000000"
"WILLIS TW SGS-CI/SICTA";"WILLIS TW SGS-CI/SICTA";"0";"";"ABJ";"";"2";"0";"0,00";"1";"-1";"0,00";"01";"01";"46700000000"
"WILLIS TW SIDAM";"WILLIS TW SIDAM";"0";"";"ABJ";"";"2";"0";"0,00";"1";"-1";"0,00";"01";"01";"46700000000"
"WILLIS TW SMART ENERGY";"WILLIS TW SMART ENERGY";"0";"";"ABJ";"";"2";"0";"0,00";"1";"-1";"0,00";"01";"01";"46700000000"
"WILLIS TW SODECI";"WILLIS TW SODECI";"0";"";"ABJ";"";"2";"0";"0,00";"1";"-1";"0,00";"01";"01";"46700000000"
"WILLIS TW SONAMGACI.DIRECTE";"WILLIS TW SONAMGACI.DIRECTE";"0";"";"ABJ";"";"2";"0";"0,00";"1";"-1";"0,00";"01";"01";"46700000000"
"WILLIS TW SIFAL";"WILLIS TW SIFAL";"0";"";"ABJ";"";"2";"0";"0,00";"1";"-1";"0,00";"01";"01";"46700000000"
"WILLIS TW SUNU ASSURANCES IARD CI";"WILLIS TW SUNU ASSURANCES IARD CI";"0";"";"ABJ";"";"2";"0";"0,00";"1";"-1";"0,00";"01";"01";"46700000000"
"WILLIS TW TOTAL COTE D'IVOIRE SA";"WILLIS TW TOTAL COTE D'IVOIRE SA";"0";"";"ABJ";"";"2";"0";"0,00";"1";"-1";"0,00";"01";"01";"46700000000"
"WILLIS TW SUNU ASSURANCES IARD CI CID";"WILLIS TW SUNU ASSURANCES IARD CI CID";"0";"";"ABJ";"";"2";"0";"0,00";"1";"-1";"0,00";"01";"01";"46700000000"
"WILLIS TW VIVO ENERGY CI";"WILLIS TW VIVO ENERGY CI";"0";"";"ABJ";"";"2";"0";"0,00";"1";"-1";"0,00";"01";"01";"46700000000"
"ALLIANZ ACESS-TIC";"ALLIANZ ACESS-TIC";"0";"";"ABJ";"";"2";"0";"0,00";"1";"-1";"0,00";"01";"01";"46700000000"
"ALLIANZ AD AVIATION";"ALLIANZ AD AVIATION";"0";"";"ABJ";"";"2";"0";"0,00";"1";"-1";"0,00";"01";"01";"46700000000"
"ALLIANZ ADVANS";"ALLIANZ ADVANS";"0";"";"ABJ";"";"2";"0";"0,00";"1";"-1";"0,00";"01";"01";"46700000000"
"ALLIANZ AFRIQUE PYTO PLUS";"ALLIANZ AFRIQUE PYTO PLUS";"0";"";"ABJ";"";"2";"0";"0,00";"1";"-1";"0,00";"01";"01";"46700000000"
"ALLIANZ AFRECO";"ALLIANZ AFRECO";"0";"";"ABJ";"";"2";"0";"0,00";"1";"-1";"0,00";"01";"01";"46700000000"
"ALLIANZ AICI";"ALLIANZ AICI";"0";"";"ABJ";"";"2";"0";"0,00";"1";"-1";"0,00";"01";"01";"46700000000"
"ALLIANZ AFRICA LAB";"ALLIANZ AFRICA LAB";"0";"";"ABJ";"";"2";"0";"0,00";"1";"-1";"0,00";"01";"01";"46700000000"
"ALLIANZ ALLIANZ SANTE";"ALLIANZ ALLIANZ SANTE";"0";"";"ABJ";"";"2";"0";"0,00";"1";"-1";"0,00";"01";"01";"46700000000"
"ALLIANZ ALTEA";"ALLIANZ ALTEA";"0";"";"ABJ";"";"2";"0";"0,00";"1";"-1";"0,00";"01";"01";"46700000000"
"ALLIANZ AMANKOU JORIS";"ALLIANZ AMANKOU JORIS";"0";"";"ABJ";"";"2";"0";"0,00";"1";"-1";"0,00";"01";"01";"46700000000"
"ALLIANZ AMBASSADE DU ROYAUME DES PAYS BAS";"ALLIANZ AMBASSADE DU ROYAUME DES PAYS BAS";"0";"";"ABJ";"";"2";"0";"0,00";"1";"-1";"0,00";"01";"01";"46700000000"
"ALLIANZ ATIKORA ATTYS ERIC";"ALLIANZ ATIKORA ATTYS ERIC";"0";"";"ABJ";"";"2";"0";"0,00";"1";"-1";"0,00";"01";"01";"46700000000"
"ALLIANZ AZWAT NADA MARIE ELIANE";"ALLIANZ AZWAT NADA MARIE ELIANE";"0";"";"ABJ";"";"2";"0";"0,00";"1";"-1";"0,00";"01";"01";"46700000000"
"ALLIANZ BLOOMFIELD INVESTMENT CORPORATION";"ALLIANZ BLOOMFIELD INVESTMENT CORPORATION";"0";"";"ABJ";"";"2";"0";"0,00";"1";"-1";"0,00";"01";"01";"46700000000"
"ALLIANZ BOCOUM FATIMATA BINTA RASHIDA";"ALLIANZ BOCOUM FATIMATA BINTA RASHIDA";"0";"";"ABJ";"";"2";"0";"0,00";"1";"-1";"0,00";"01";"01";"46700000000"
"ALLIANZ BOSSON AFLA CLAUDE";"ALLIANZ BOSSON AFLA CLAUDE";"0";"";"ABJ";"";"2";"0";"0,00";"1";"-1";"0,00";"01";"01";"46700000000"
"ALLIANZ BUHLER COTE D'IVOIRE SAS";"ALLIANZ BUHLER COTE D'IVOIRE SAS";"0";"";"ABJ";"";"2";"0";"0,00";"1";"-1";"0,00";"01";"01";"46700000000"
"ALLIANZ CARDNO EMERGING MARKETS";"ALLIANZ CARDNO EMERGING MARKETS";"0";"";"ABJ";"";"2";"0";"0,00";"1";"-1";"0,00";"01";"01";"46700000000"
"ALLIANZ CALL ME";"ALLIANZ CALL ME";"0";"";"ABJ";"";"2";"0";"0,00";"1";"-1";"0,00";"01";"01";"46700000000"
"ALLIANZ CADERAC";"ALLIANZ CADERAC";"0";"";"ABJ";"";"2";"0";"0,00";"1";"-1";"0,00";"01";"01";"46700000000"
"ALLIANZ CATERPILLAR";"ALLIANZ CATERPILLAR";"0";"";"ABJ";"";"2";"0";"0,00";"1";"-1";"0,00";"01";"01";"46700000000"
"ALLIANZ CDCI";"ALLIANZ CDCI";"0";"";"ABJ";"";"2";"0";"0,00";"1";"-1";"0,00";"01";"01";"46700000000"
"ALLIANZ CGE IMMOBILIER";"ALLIANZ CGE IMMOBILIER";"0";"";"ABJ";"";"2";"0";"0,00";"1";"-1";"0,00";"01";"01";"46700000000"
"ALLIANZ CHAMBRE DE COMMERCE EUROPENNE CI";"ALLIANZ CHAMBRE DE COMMERCE EUROPENNE CI";"0";"";"ABJ";"";"2";"0";"0,00";"1";"-1";"0,00";"01";"01";"46700000000"
"ALLIANZ CHOUR NIZA";"ALLIANZ CHOUR NIZA";"0";"";"ABJ";"";"2";"0";"0,00";"1";"-1";"0,00";"01";"01";"46700000000"
"ALLIANZ CIAM IVOIRE";"ALLIANZ CIAM IVOIRE";"0";"";"ABJ";"";"2";"0";"0,00";"1";"-1";"0,00";"01";"01";"46700000000"
"ALLIANZ CIM IVOIRE";"ALLIANZ CIM IVOIRE";"0";"";"ABJ";"";"2";"0";"0,00";"1";"-1";"0,00";"01";"01";"46700000000"
"ALLIANZ CNFA";"ALLIANZ CNFA";"0";"";"ABJ";"";"2";"0";"0,00";"1";"-1";"0,00";"01";"01";"46700000000"
"ALLIANZ COLLEGE ST RAPHAEL";"ALLIANZ COLLEGE ST RAPHAEL";"0";"";"ABJ";"";"2";"0";"0,00";"1";"-1";"0,00";"01";"01";"46700000000"
"ALLIANZ COMAFOR";"ALLIANZ COMAFOR";"0";"";"ABJ";"";"2";"0";"0,00";"1";"-1";"0,00";"01";"01";"46700000000"
"ALLIANZ CONSEIS ASSOCIES EN AFRIQUE (C2A)";"ALLIANZ CONSEIS ASSOCIES EN AFRIQUE (C2A)";"0";"";"ABJ";"";"2";"0";"0,00";"1";"-1";"0,00";"01";"01";"46700000000"
"ALLIANZ DALBERG";"ALLIANZ DALBERG";"0";"";"ABJ";"";"2";"0";"0,00";"1";"-1";"0,00";"01";"01";"46700000000"
"ALLIANZ DC PEV";"ALLIANZ DC PEV";"0";"";"ABJ";"";"2";"0";"0,00";"1";"-1";"0,00";"01";"01";"46700000000"
"ALLIANZ DIANOX";"ALLIANZ DIANOX";"0";"";"ABJ";"";"2";"0";"0,00";"1";"-1";"0,00";"01";"01";"46700000000"
"ALLIANZ DIR DES ASSURANCES";"ALLIANZ DIR DES ASSURANCES";"0";"";"ABJ";"";"2";"0";"0,00";"1";"-1";"0,00";"01";"01";"46700000000"
"ALLIANZ DS IMMOBILIER";"ALLIANZ DS IMMOBILIER";"0";"";"ABJ";"";"2";"0";"0,00";"1";"-1";"0,00";"01";"01";"46700000000"
"ALLIANZ ECG";"ALLIANZ ECG";"0";"";"ABJ";"";"2";"0";"0,00";"1";"-1";"0,00";"01";"01";"46700000000"
"ALLIANZ ENGIE";"ALLIANZ ENGIE";"0";"";"ABJ";"";"2";"0";"0,00";"1";"-1";"0,00";"01";"01";"46700000000"
"ALLIANZ ETIPACK CI";"ALLIANZ ETIPACK CI";"0";"";"ABJ";"";"2";"0";"0,00";"1";"-1";"0,00";"01";"01";"46700000000"
"ALLIANZ ETUDE DE MAITRE KOUASSI ANGELE";"ALLIANZ ETUDE DE MAITRE KOUASSI ANGELE";"0";"";"ABJ";"";"2";"0";"0,00";"1";"-1";"0,00";"01";"01";"46700000000"
"ALLIANZ DISTRIBUTION SAKO & FILS SA P/C FAMILLE";"ALLIANZ DISTRIBUTION SAKO & FILS SA P/C FAMILLE";"0";"";"ABJ";"";"2";"0";"0,00";"1";"-1";"0,00";"01";"01";"46700000000"
"ALLIANZ FIXNGO";"ALLIANZ FIXNGO";"0";"";"ABJ";"";"2";"0";"0,00";"1";"-1";"0,00";"01";"01";"46700000000"
"ALLIANZ GHADDAR EPSE ZARKOT BADIA";"ALLIANZ GHADDAR EPSE ZARKOT BADIA";"0";"";"ABJ";"";"2";"0";"0,00";"1";"-1";"0,00";"01";"01";"46700000000"
"ALLIANZ GMA NON CADRES";"ALLIANZ GMA NON CADRES";"0";"";"ABJ";"";"2";"0";"0,00";"1";"-1";"0,00";"01";"01";"46700000000"
"ALLIANZ GNAGNE ARSENE LASM";"ALLIANZ GNAGNE ARSENE LASM";"0";"";"ABJ";"";"2";"0";"0,00";"1";"-1";"0,00";"01";"01";"46700000000"
"ALLIANZ FESI";"ALLIANZ FESI";"0";"";"ABJ";"";"2";"0";"0,00";"1";"-1";"0,00";"01";"01";"46700000000"
"ALLIANZ GROFIN CI";"ALLIANZ GROFIN CI";"0";"";"ABJ";"";"2";"0";"0,00";"1";"-1";"0,00";"01";"01";"46700000000"
"ALLIANZ HAIDARA LALLA KOUDEDJA";"ALLIANZ HAIDARA LALLA KOUDEDJA";"0";"";"ABJ";"";"2";"0";"0,00";"1";"-1";"0,00";"01";"01";"46700000000"
"ALLIANZ ITS";"ALLIANZ ITS";"0";"";"ABJ";"";"2";"0";"0,00";"1";"-1";"0,00";"01";"01";"46700000000"
"ALLIANZ KDS";"ALLIANZ KDS";"0";"";"ABJ";"";"2";"0";"0,00";"1";"-1";"0,00";"01";"01";"46700000000"
"ALLIANZ KOFFI KOFFI";"ALLIANZ KOFFI KOFFI";"0";"";"ABJ";"";"2";"0";"0,00";"1";"-1";"0,00";"01";"01";"46700000000"
"ALLIANZ KOIRA HOTEN INVESTMENT";"ALLIANZ KOIRA HOTEN INVESTMENT";"0";"";"ABJ";"";"2";"0";"0,00";"1";"-1";"0,00";"01";"01";"46700000000"
"ALLIANZ KONATE LADJI";"ALLIANZ KONATE LADJI";"0";"";"ABJ";"";"2";"0";"0,00";"1";"-1";"0,00";"01";"01";"46700000000"
"ALLIANZ KONE CATHERINE";"ALLIANZ KONE CATHERINE";"0";"";"ABJ";"";"2";"0";"0,00";"1";"-1";"0,00";"01";"01";"46700000000"
"ALLIANZ LEX WAYS";"ALLIANZ LEX WAYS";"0";"";"ABJ";"";"2";"0";"0,00";"1";"-1";"0,00";"01";"01";"46700000000"
"ALLIANZ MANCI";"ALLIANZ MANCI";"0";"";"ABJ";"";"2";"0";"0,00";"1";"-1";"0,00";"01";"01";"46700000000"
"ALLIANZ MENGUY JACQUES ALBERT RAYMOND";"ALLIANZ MENGUY JACQUES ALBERT RAYMOND";"0";"";"ABJ";"";"2";"0";"0,00";"1";"-1";"0,00";"01";"01";"46700000000"
"ALLIANZ MUTUELLE BAROLD";"ALLIANZ MUTUELLE BAROLD";"0";"";"ABJ";"";"2";"0";"0,00";"1";"-1";"0,00";"01";"01";"46700000000"
"ALLIANZ NVLLE PHCIE MIRIA";"ALLIANZ NVLLE PHCIE MIRIA";"0";"";"ABJ";"";"2";"0";"0,00";"1";"-1";"0,00";"01";"01";"46700000000"
"ALLIANZ NOVAVISION";"ALLIANZ NOVAVISION";"0";"";"ABJ";"";"2";"0";"0,00";"1";"-1";"0,00";"01";"01";"46700000000"
"ALLIANZ MONDE LEZ EUROPE";"ALLIANZ MONDE LEZ EUROPE";"0";"";"ABJ";"";"2";"0";"0,00";"1";"-1";"0,00";"01";"01";"46700000000"
"ALLIANZ ONI";"ALLIANZ ONI";"0";"";"ABJ";"";"2";"0";"0,00";"1";"-1";"0,00";"01";"01";"46700000000"
"ALLIANZ PACHA TSHIMANGA";"ALLIANZ PACHA TSHIMANGA";"0";"";"ABJ";"";"2";"0";"0,00";"1";"-1";"0,00";"01";"01";"46700000000"
"ALLIANZ PALM CLUB HOTEL";"ALLIANZ PALM CLUB HOTEL";"0";"";"ABJ";"";"2";"0";"0,00";"1";"-1";"0,00";"01";"01";"46700000000"
"ALLIANZ PASP";"ALLIANZ PASP";"0";"";"ABJ";"";"2";"0";"0,00";"1";"-1";"0,00";"01";"01";"46700000000"
"ALLIANZ PDU";"ALLIANZ PDU";"0";"";"ABJ";"";"2";"0";"0,00";"1";"-1";"0,00";"01";"01";"46700000000"
"ALLIANZ PPG";"ALLIANZ PPG";"0";"";"ABJ";"";"2";"0";"0,00";"1";"-1";"0,00";"01";"01";"46700000000"
"ALLIANZ SCODI";"ALLIANZ SCODI";"0";"";"ABJ";"";"2";"0";"0,00";"1";"-1";"0,00";"01";"01";"46700000000"
"ALLIANZ SECURIPORT";"ALLIANZ SECURIPORT";"0";"";"ABJ";"";"2";"0";"0,00";"1";"-1";"0,00";"01";"01";"46700000000"
"ALLIANZ SEGH";"ALLIANZ SEGH";"0";"";"ABJ";"";"2";"0";"0,00";"1";"-1";"0,00";"01";"01";"46700000000"
"ALLIANZ SAGEMCOM COTE D'IVOIRE";"ALLIANZ SAGEMCOM COTE D'IVOIRE";"0";"";"ABJ";"";"2";"0";"0,00";"1";"-1";"0,00";"01";"01";"46700000000"
"ALLIANZ SNEF SERVICES CI";"ALLIANZ SNEF SERVICES CI";"0";"";"ABJ";"";"2";"0";"0,00";"1";"-1";"0,00";"01";"01";"46700000000"
"ALLIANZ SKF";"ALLIANZ SKF";"0";"";"ABJ";"";"2";"0";"0,00";"1";"-1";"0,00";"01";"01";"46700000000"
"ALLIANZ SOCIETE INTERTEK";"ALLIANZ SOCIETE INTERTEK";"0";"";"ABJ";"";"2";"0";"0,00";"1";"-1";"0,00";"01";"01";"46700000000"
"ALLIANZ SOMAFOR";"ALLIANZ SOMAFOR";"0";"";"ABJ";"";"2";"0";"0,00";"1";"-1";"0,00";"01";"01";"46700000000"
"ALLIANZ SOUDOTEC";"ALLIANZ SOUDOTEC";"0";"";"ABJ";"";"2";"0";"0,00";"1";"-1";"0,00";"01";"01";"46700000000"
"ALLIANZ SOUMAHORO AISSATA";"ALLIANZ SOUMAHORO AISSATA";"0";"";"ABJ";"";"2";"0";"0,00";"1";"-1";"0,00";"01";"01";"46700000000"
"ALLIANZ SPIE FONDATIONS";"ALLIANZ SPIE FONDATIONS";"0";"";"ABJ";"";"2";"0";"0,00";"1";"-1";"0,00";"01";"01";"46700000000"
"ALLIANZ TAXE JUSTICE NET WORK AFRICA";"ALLIANZ TAXE JUSTICE NET WORK AFRICA";"0";"";"ABJ";"";"2";"0";"0,00";"1";"-1";"0,00";"01";"01";"46700000000"
"ALLIANZ TC AFRIQUE";"ALLIANZ TC AFRIQUE";"0";"";"ABJ";"";"2";"0";"0,00";"1";"-1";"0,00";"01";"01";"46700000000"
"ALLIANZ TIP";"ALLIANZ TIP";"0";"";"ABJ";"";"2";"0";"0,00";"1";"-1";"0,00";"01";"01";"46700000000"
"ALLIANZ TAGRO NKEMA";"ALLIANZ TAGRO NKEMA";"0";"";"ABJ";"";"2";"0";"0,00";"1";"-1";"0,00";"01";"01";"46700000000"
"ALLIANZ TOUTON NEGOCE";"ALLIANZ TOUTON NEGOCE";"0";"";"ABJ";"";"2";"0";"0,00";"1";"-1";"0,00";"01";"01";"46700000000"
"ALLIANZ VODACOM BUSINESS";"ALLIANZ VODACOM BUSINESS";"0";"";"ABJ";"";"2";"0";"0,00";"1";"-1";"0,00";"01";"01";"46700000000"
"ALLIANZ VODI MONA ALEXIA FLORLY";"ALLIANZ VODI MONA ALEXIA FLORLY";"0";"";"ABJ";"";"2";"0";"0,00";"1";"-1";"0,00";"01";"01";"46700000000"
"ALLIANZ VYOU COMMUNICATION";"ALLIANZ VYOU COMMUNICATION";"0";"";"ABJ";"";"2";"0";"0,00";"1";"-1";"0,00";"01";"01";"46700000000"
"ALLIANZ YOBO GOSSE FRANCK";"ALLIANZ YOBO GOSSE FRANCK";"0";"";"ABJ";"";"2";"0";"0,00";"1";"-1";"0,00";"01";"01";"46700000000"
"ALLIANZ WOLCIM SARL";"ALLIANZ WOLCIM SARL";"0";"";"ABJ";"";"2";"0";"0,00";"1";"-1";"0,00";"01";"01";"46700000000"
"ALLIANZ ABOU GHANNAM NICOLAS";"ALLIANZ ABOU GHANNAM NICOLAS";"0";"";"ABJ";"";"2";"0";"0,00";"1";"-1";"0,00";"01";"01";"46700000000"
"ASCOMA ACTIVA ASSURANCES";"ASCOMA ACTIVA ASSURANCES";"0";"";"ABJ";"";"2";"0";"0,00";"1";"-1";"0,00";"01";"01";"46700000000"
"ASCOMA AERIA";"ASCOMA AERIA";"0";"";"ABJ";"";"2";"0";"0,00";"1";"-1";"0,00";"01";"01";"46700000000"
"ASCOMA ALLIANZ COTE-D'IVOIRE ASSURANCES";"ASCOMA ALLIANZ COTE-D'IVOIRE ASSURANCES";"0";"";"ABJ";"";"2";"0";"0,00";"1";"-1";"0,00";"01";"01";"46700000000"
"ASCOMA AMSA ASSURANCES";"ASCOMA AMSA ASSURANCES";"0";"";"ABJ";"";"2";"0";"0,00";"1";"-1";"0,00";"01";"01";"46700000000"
"ASCOMA AMSAR";"ASCOMA AMSAR";"0";"";"ABJ";"";"2";"0";"0,00";"1";"-1";"0,00";"01";"01";"46700000000"
"ASCOMA ANADER";"ASCOMA ANADER";"0";"";"ABJ";"";"2";"0";"0,00";"1";"-1";"0,00";"01";"01";"46700000000"
"ASCOMA ASMAR";"ASCOMA ASMAR";"0";"";"ABJ";"";"2";"0";"0,00";"1";"-1";"0,00";"01";"01";"46700000000"
"ASCOMA ASSEMBLEE DES REGIONS ET DISTRICTS DEC.I";"ASCOMA ASSEMBLEE DES REGIONS ET DISTRICTS DEC.I";"0";"";"ABJ";"";"2";"0";"0,00";"1";"-1";"0,00";"01";"01";"46700000000"
"ASCOMA ASSURANCE MALADIE GROUPE CARRE D'OR";"ASCOMA ASSURANCE MALADIE GROUPE CARRE D'OR";"0";"";"ABJ";"";"2";"0";"0,00";"1";"-1";"0,00";"01";"01";"46700000000"
"ASCOMA ATLANTIQUE ASSURANCES COTE-D'IVOIRE";"ASCOMA ATLANTIQUE ASSURANCES COTE-D'IVOIRE";"0";"";"ABJ";"";"2";"0";"0,00";"1";"-1";"0,00";"01";"01";"46700000000"
"ASCOMA AXA COTE-D'IVOIRE";"ASCOMA AXA COTE-D'IVOIRE";"0";"";"ABJ";"";"2";"0";"0,00";"1";"-1";"0,00";"01";"01";"46700000000"
"ASCOMA BATIM AUTOFINANCEMENTT";"ASCOMA BATIM AUTOFINANCEMENTT";"0";"";"ABJ";"";"2";"0";"0,00";"1";"-1";"0,00";"01";"01";"46700000000"
"ASCOMA BONIKRO GOLD MINE SA";"ASCOMA BONIKRO GOLD MINE SA";"0";"";"ABJ";"";"2";"0";"0,00";"1";"-1";"0,00";"01";"01";"46700000000"
"ASCOMA ATLANTA CI";"ASCOMA ATLANTA CI";"0";"";"ABJ";"";"2";"0";"0,00";"1";"-1";"0,00";"01";"01";"46700000000"
"ASCOMA CDCI";"ASCOMA CDCI";"0";"";"ABJ";"";"2";"0";"0,00";"1";"-1";"0,00";"01";"01";"46700000000"
"ASCOMA COMAR ASSURANCES";"ASCOMA COMAR ASSURANCES";"0";"";"ABJ";"";"2";"0";"0,00";"1";"-1";"0,00";"01";"01";"46700000000"
"ASCOMA CORLAY COTE-D'IVOIRE";"ASCOMA CORLAY COTE-D'IVOIRE";"0";"";"ABJ";"";"2";"0";"0,00";"1";"-1";"0,00";"01";"01";"46700000000"
"ASCOMA DELOITE COTE D'IVOIRE";"ASCOMA DELOITE COTE D'IVOIRE";"0";"";"ABJ";"";"2";"0";"0,00";"1";"-1";"0,00";"01";"01";"46700000000"
"ASCOMA ECOBANK";"ASCOMA ECOBANK";"0";"";"ABJ";"";"2";"0";"0,00";"1";"-1";"0,00";"01";"01";"46700000000"
"ASCOMA EXPERTIS CONSULTING";"ASCOMA EXPERTIS CONSULTING";"0";"";"ABJ";"";"2";"0";"0,00";"1";"-1";"0,00";"01";"01";"46700000000"
"ASCOMA CIT/OCI (ORANGE CI)";"ASCOMA CIT/OCI (ORANGE CI)";"0";"";"ABJ";"";"2";"0";"0,00";"1";"-1";"0,00";"01";"01";"46700000000"
"ASCOMA FONDS DE PREVOYANCES MUTUELLE THEMIS";"ASCOMA FONDS DE PREVOYANCES MUTUELLE THEMIS";"0";"";"ABJ";"";"2";"0";"0,00";"1";"-1";"0,00";"01";"01";"46700000000"
"ASCOMA FRIDA";"ASCOMA FRIDA";"0";"";"ABJ";"";"2";"0";"0,00";"1";"-1";"0,00";"01";"01";"46700000000"
"ASCOMA GCYA ASSUR";"ASCOMA GCYA ASSUR";"0";"";"ABJ";"";"2";"0";"0,00";"1";"-1";"0,00";"01";"01";"46700000000"
"ASCOMA GNA-GENERATION NOUVELLE D'ASSURANCES CI";"ASCOMA GNA-GENERATION NOUVELLE D'ASSURANCES CI";"0";"";"ABJ";"";"2";"0";"0,00";"1";"-1";"0,00";"01";"01";"46700000000"
"ASCOMA GROUPE AMIDA";"ASCOMA GROUPE AMIDA";"0";"";"ABJ";"";"2";"0";"0,00";"1";"-1";"0,00";"01";"01";"46700000000"
"ASCOMA GROUPE OLAM IVOIRE";"ASCOMA GROUPE OLAM IVOIRE";"0";"";"ABJ";"";"2";"0";"0,00";"1";"-1";"0,00";"01";"01";"46700000000"
"ASCOMA GROUPE BOLLORE";"ASCOMA GROUPE BOLLORE";"0";"";"ABJ";"";"2";"0";"0,00";"1";"-1";"0,00";"01";"01";"46700000000"
"ASCOMA GRPT DES CADRES SUPERIEURS DE LA SANTE";"ASCOMA GRPT DES CADRES SUPERIEURS DE LA SANTE";"0";"";"ABJ";"";"2";"0";"0,00";"1";"-1";"0,00";"01";"01";"46700000000"
"ASCOMA HUAWEI TECHNOLOGIE CI";"ASCOMA HUAWEI TECHNOLOGIE CI";"0";"";"ABJ";"";"2";"0";"0,00";"1";"-1";"0,00";"01";"01";"46700000000"
"ASCOMA IVOIRIENNE DISTR.DE TABAC";"ASCOMA IVOIRIENNE DISTR.DE TABAC";"0";"";"ABJ";"";"2";"0";"0,00";"1";"-1";"0,00";"01";"01";"46700000000"
"ASCOMA IVOSEP";"ASCOMA IVOSEP";"0";"";"ABJ";"";"2";"0";"0,00";"1";"-1";"0,00";"01";"01";"46700000000"
"ASCOMA LA MUTREPCI";"ASCOMA LA MUTREPCI";"0";"";"ABJ";"";"2";"0";"0,00";"1";"-1";"0,00";"01";"01";"46700000000"
"ASCOMA LION GPL SA";"ASCOMA LION GPL SA";"0";"";"ABJ";"";"2";"0";"0,00";"1";"-1";"0,00";"01";"01";"46700000000"
"ASCOMA LONACI";"ASCOMA LONACI";"0";"";"ABJ";"";"2";"0";"0,00";"1";"-1";"0,00";"01";"01";"46700000000"
"ASCOMA L'AFRICAINE DES ASSUR.CI";"ASCOMA L'AFRICAINE DES ASSUR.CI";"0";"";"ABJ";"";"2";"0";"0,00";"1";"-1";"0,00";"01";"01";"46700000000"
"ASCOMA MCI CARE COTE D'IVOIRE";"ASCOMA MCI CARE COTE D'IVOIRE";"0";"";"ABJ";"";"2";"0";"0,00";"1";"-1";"0,00";"01";"01";"46700000000"
"ASCOMA MU.MA.SIA";"ASCOMA MU.MA.SIA";"0";"";"ABJ";"";"2";"0";"0,00";"1";"-1";"0,00";"01";"01";"46700000000"
"ASCOMA MUTUELLE DE SANTE SIPEFCI";"ASCOMA MUTUELLE DE SANTE SIPEFCI";"0";"";"ABJ";"";"2";"0";"0,00";"1";"-1";"0,00";"01";"01";"46700000000"
"ASCOMA MUTUELLE DES AGENTS SOLIBRA";"ASCOMA MUTUELLE DES AGENTS SOLIBRA";"0";"";"ABJ";"";"2";"0";"0,00";"1";"-1";"0,00";"01";"01";"46700000000"
"ASCOMA MUTUELLE IDIS";"ASCOMA MUTUELLE IDIS";"0";"";"ABJ";"";"2";"0";"0,00";"1";"-1";"0,00";"01";"01";"46700000000"
"ASCOMA MUTUELLE MALADIE SCB";"ASCOMA MUTUELLE MALADIE SCB";"0";"";"ABJ";"";"2";"0";"0,00";"1";"-1";"0,00";"01";"01";"46700000000"
"ASCOMA MUTUELLE MEDICALE A. SITARAIL";"ASCOMA MUTUELLE MEDICALE A. SITARAIL";"0";"";"ABJ";"";"2";"0";"0,00";"1";"-1";"0,00";"01";"01";"46700000000"
"ASCOMA MUTUELLE SANTE LBP-EJP";"ASCOMA MUTUELLE SANTE LBP-EJP";"0";"";"ABJ";"";"2";"0";"0,00";"1";"-1";"0,00";"01";"01";"46700000000"
"ASCOMA MUTUELLE UNIWAX";"ASCOMA MUTUELLE UNIWAX";"0";"";"ABJ";"";"2";"0";"0,00";"1";"-1";"0,00";"01";"01";"46700000000"
"ASCOMA NAS IVOIRE";"ASCOMA NAS IVOIRE";"0";"";"ABJ";"";"2";"0";"0,00";"1";"-1";"0,00";"01";"01";"46700000000"
"ASCOMA NOUVELLE MICI EMRACI";"ASCOMA NOUVELLE MICI EMRACI";"0";"";"ABJ";"";"2";"0";"0,00";"1";"-1";"0,00";"01";"01";"46700000000"
"ASCOMA NPSP CI";"ASCOMA NPSP CI";"0";"";"ABJ";"";"2";"0";"0,00";"1";"-1";"0,00";"01";"01";"46700000000"
"ASCOMA OFFICE IVOIRIEN DES CHARGEURS";"ASCOMA OFFICE IVOIRIEN DES CHARGEURS";"0";"";"ABJ";"";"2";"0";"0,00";"1";"-1";"0,00";"01";"01";"46700000000"
"ASCOMA NSIA-ASSURANCES";"ASCOMA NSIA-ASSURANCES";"0";"";"ABJ";"";"2";"0";"0,00";"1";"-1";"0,00";"01";"01";"46700000000"
"ASCOMA OREOLE CGA";"ASCOMA OREOLE CGA";"0";"";"ABJ";"";"2";"0";"0,00";"1";"-1";"0,00";"01";"01";"46700000000"
"ASCOMA PALM CI";"ASCOMA PALM CI";"0";"";"ABJ";"";"2";"0";"0,00";"1";"-1";"0,00";"01";"01";"46700000000"
"ASCOMA PERSONNEL ADMINISTRATIF ASS. NATIONALE";"ASCOMA PERSONNEL ADMINISTRATIF ASS. NATIONALE";"0";"";"ABJ";"";"2";"0";"0,00";"1";"-1";"0,00";"01";"01";"46700000000"
"ASCOMA PERSONNEL MINISTERE DU PLAN ET DU DEVEPPEMENT";"ASCOMA PERSONNEL MINISTERE DU PLAN ET DU DEVEPPEMENT";"0";"";"ABJ";"";"2";"0";"0,00";"1";"-1";"0,00";"01";"01";"46700000000"
"ASCOMA PERSONNEL SERENITY SA";"ASCOMA PERSONNEL SERENITY SA";"0";"";"ABJ";"";"2";"0";"0,00";"1";"-1";"0,00";"01";"01";"46700000000"
"ASCOMA PETROCI";"ASCOMA PETROCI";"0";"";"ABJ";"";"2";"0";"0,00";"1";"-1";"0,00";"01";"01";"46700000000"
"ASCOMA POLYCLINIQUE FARAH";"ASCOMA POLYCLINIQUE FARAH";"0";"";"ABJ";"";"2";"0";"0,00";"1";"-1";"0,00";"01";"01";"46700000000"
"ASCOMA POLYCLINIQUE INTERNATIONALE DE L'INDENIE";"ASCOMA POLYCLINIQUE INTERNATIONALE DE L'INDENIE";"0";"";"ABJ";"";"2";"0";"0,00";"1";"-1";"0,00";"01";"01";"46700000000"
"ASCOMA RMO";"ASCOMA RMO";"0";"";"ABJ";"";"2";"0";"0,00";"1";"-1";"0,00";"01";"01";"46700000000"
"ASCOMA SAAR COTE-D'IVOIRE";"ASCOMA SAAR COTE-D'IVOIRE";"0";"";"ABJ";"";"2";"0";"0,00";"1";"-1";"0,00";"01";"01";"46700000000"
"ASCOMA SAFA ASSURANCES";"ASCOMA SAFA ASSURANCES";"0";"";"ABJ";"";"2";"0";"0,00";"1";"-1";"0,00";"01";"01";"46700000000"
"ASCOMA RESAFIG";"ASCOMA RESAFIG";"0";"";"ABJ";"";"2";"0";"0,00";"1";"-1";"0,00";"01";"01";"46700000000"
"ASCOMA SAHAM ASSURANCE";"ASCOMA SAHAM ASSURANCE";"0";"";"ABJ";"";"2";"0";"0,00";"1";"-1";"0,00";"01";"01";"46700000000"
"ASCOMA SAHAM ASSURANCE VIE C.I.";"ASCOMA SAHAM ASSURANCE VIE C.I.";"0";"";"ABJ";"";"2";"0";"0,00";"1";"-1";"0,00";"01";"01";"46700000000"
"ASCOMA SAHAM AUTOASSURANCE PERSONNEL";"ASCOMA SAHAM AUTOASSURANCE PERSONNEL";"0";"";"ABJ";"";"2";"0";"0,00";"1";"-1";"0,00";"01";"01";"46700000000"
"ASCOMA SAHAM BURKINA-FASO";"ASCOMA SAHAM BURKINA-FASO";"0";"";"ABJ";"";"2";"0";"0,00";"1";"-1";"0,00";"01";"01";"46700000000"
"ASCOMA SAHAM MALI";"ASCOMA SAHAM MALI";"0";"";"ABJ";"";"2";"0";"0,00";"1";"-1";"0,00";"01";"01";"46700000000"
"ASCOMA SENART RCI";"ASCOMA SENART RCI";"0";"";"ABJ";"";"2";"0";"0,00";"1";"-1";"0,00";"01";"01";"46700000000"
"ASCOMA SERENITY SA";"ASCOMA SERENITY SA";"0";"";"ABJ";"";"2";"0";"0,00";"1";"-1";"0,00";"01";"01";"46700000000"
"ASCOMA SAPH";"ASCOMA SAPH";"0";"";"ABJ";"";"2";"0";"0,00";"1";"-1";"0,00";"01";"01";"46700000000"
"ASCOMA SERVAIR ABIDJAN";"ASCOMA SERVAIR ABIDJAN";"0";"";"ABJ";"";"2";"0";"0,00";"1";"-1";"0,00";"01";"01";"46700000000"
"ASCOMA SICMA";"ASCOMA SICMA";"0";"";"ABJ";"";"2";"0";"0,00";"1";"-1";"0,00";"01";"01";"46700000000"
"ASCOMA SICODIS";"ASCOMA SICODIS";"0";"";"ABJ";"";"2";"0";"0,00";"1";"-1";"0,00";"01";"01";"46700000000"
"ASCOMA SIDAM";"ASCOMA SIDAM";"0";"";"ABJ";"";"2";"0";"0,00";"1";"-1";"0,00";"01";"01";"46700000000"
"ASCOMA SNPECI GROUPE FRATERNITE MATIN";"ASCOMA SNPECI GROUPE FRATERNITE MATIN";"0";"";"ABJ";"";"2";"0";"0,00";"1";"-1";"0,00";"01";"01";"46700000000"
"ASCOMA SODEFOR";"ASCOMA SODEFOR";"0";"";"ABJ";"";"2";"0";"0,00";"1";"-1";"0,00";"01";"01";"46700000000"
"ASCOMA SIPRA AUTOASSURANCES";"ASCOMA SIPRA AUTOASSURANCES";"0";"";"ABJ";"";"2";"0";"0,00";"1";"-1";"0,00";"01";"01";"46700000000"
"ASCOMA SODEXAM";"ASCOMA SODEXAM";"0";"";"ABJ";"";"2";"0";"0,00";"1";"-1";"0,00";"01";"01";"46700000000"
"ASCOMA SOUDOTEC";"ASCOMA SOUDOTEC";"0";"";"ABJ";"";"2";"0";"0,00";"1";"-1";"0,00";"01";"01";"46700000000"
"ASCOMA SUCAF CI";"ASCOMA SUCAF CI";"0";"";"ABJ";"";"2";"0";"0,00";"1";"-1";"0,00";"01";"01";"46700000000"
"ASCOMA SUCRE IVOIRE";"ASCOMA SUCRE IVOIRE";"0";"";"ABJ";"";"2";"0";"0,00";"1";"-1";"0,00";"01";"01";"46700000000"
"ASCOMA SUNU ASSURANCES";"ASCOMA SUNU ASSURANCES";"0";"";"ABJ";"";"2";"0";"0,00";"1";"-1";"0,00";"01";"01";"46700000000"
"ASCOMA TRCI-TROPICA RUBBER COTE D'IVOIRE";"ASCOMA TRCI-TROPICA RUBBER COTE D'IVOIRE";"0";"";"ABJ";"";"2";"0";"0,00";"1";"-1";"0,00";"01";"01";"46700000000"
"ASCOMA UNILEVER";"ASCOMA UNILEVER";"0";"";"ABJ";"";"2";"0";"0,00";"1";"-1";"0,00";"01";"01";"46700000000"
"ASCOMA WAFA ASSURANCE COTE D'IVOIRE";"ASCOMA WAFA ASSURANCE COTE D'IVOIRE";"0";"";"ABJ";"";"2";"0";"0,00";"1";"-1";"0,00";"01";"01";"46700000000"
"AXA AMBASSADE DE France/ADLS";"AXA AMBASSADE DE France/ADLS";"0";"";"ABJ";"";"2";"0";"0,00";"1";"-1";"0,00";"01";"01";"46700000000"
"AXA ACESS-TIC";"AXA ACESS-TIC";"0";"";"ABJ";"";"2";"0";"0,00";"1";"-1";"0,00";"01";"01";"46700000000"
"AXA ACONDA VS-CI";"AXA ACONDA VS-CI";"0";"";"ABJ";"";"2";"0";"0,00";"1";"-1";"0,00";"01";"01";"46700000000"
"AXA AF-CHEM SOFACO";"AXA AF-CHEM SOFACO";"0";"";"ABJ";"";"2";"0";"0,00";"1";"-1";"0,00";"01";"01";"46700000000"
"AXA A.S.A.P.S.U";"AXA A.S.A.P.S.U";"0";"";"ABJ";"";"2";"0";"0,00";"1";"-1";"0,00";"01";"01";"46700000000"
"AXA AFRIC SEARCH";"AXA AFRIC SEARCH";"0";"";"ABJ";"";"2";"0";"0,00";"1";"-1";"0,00";"01";"01";"46700000000"
"AXA AGENCE IVOIRE INITRIM";"AXA AGENCE IVOIRE INITRIM";"0";"";"ABJ";"";"2";"0";"0,00";"1";"-1";"0,00";"01";"01";"46700000000"
"AXA AMBASSADE DU JAPON";"AXA AMBASSADE DU JAPON";"0";"";"ABJ";"";"2";"0";"0,00";"1";"-1";"0,00";"01";"01";"46700000000"
"AXA AGENTS MANDATAIRES AXA CI";"AXA AGENTS MANDATAIRES AXA CI";"0";"";"ABJ";"";"2";"0";"0,00";"1";"-1";"0,00";"01";"01";"46700000000"
"AXA ANZUL MULTIMEDIA";"AXA ANZUL MULTIMEDIA";"0";"";"ABJ";"";"2";"0";"0,00";"1";"-1";"0,00";"01";"01";"46700000000"
"AXA ARKHANGEL EVENTS";"AXA ARKHANGEL EVENTS";"0";"";"ABJ";"";"2";"0";"0,00";"1";"-1";"0,00";"01";"01";"46700000000"
"AXA ATELEC";"AXA ATELEC";"0";"";"ABJ";"";"2";"0";"0,00";"1";"-1";"0,00";"01";"01";"46700000000"
"AXA ATTILA KOULA";"AXA ATTILA KOULA";"0";"";"ABJ";"";"2";"0";"0,00";"1";"-1";"0,00";"01";"01";"46700000000"
"AXA BDU-CI";"AXA BDU-CI";"0";"";"ABJ";"";"2";"0";"0,00";"1";"-1";"0,00";"01";"01";"46700000000"
"AXA BDUNCI BANQUE DE L'UNION";"AXA BDUNCI BANQUE DE L'UNION";"0";"";"ABJ";"";"2";"0";"0,00";"1";"-1";"0,00";"01";"01";"46700000000"
"AXA CABINET BOUADOU & ASSOCIES";"AXA CABINET BOUADOU & ASSOCIES";"0";"";"ABJ";"";"2";"0";"0,00";"1";"-1";"0,00";"01";"01";"46700000000"
"AXA CAMUSAT CI";"AXA CAMUSAT CI";"0";"";"ABJ";"";"2";"0";"0,00";"1";"-1";"0,00";"01";"01";"46700000000"
"AXA BTOB TELECOM";"AXA BTOB TELECOM";"0";"";"ABJ";"";"2";"0";"0,00";"1";"-1";"0,00";"01";"01";"46700000000"
"AXA CARENA";"AXA CARENA";"0";"";"ABJ";"";"2";"0";"0,00";"1";"-1";"0,00";"01";"01";"46700000000"
"AXA CODIVET";"AXA CODIVET";"0";"";"ABJ";"";"2";"0";"0,00";"1";"-1";"0,00";"01";"01";"46700000000"
"AXA COMATEC SARL";"AXA COMATEC SARL";"0";"";"ABJ";"";"2";"0";"0,00";"1";"-1";"0,00";"01";"01";"46700000000"
"AXA CONDICAF S.A";"AXA CONDICAF S.A";"0";"";"ABJ";"";"2";"0";"0,00";"1";"-1";"0,00";"01";"01";"46700000000"
"AXA DIAKITE TRANSPORT";"AXA DIAKITE TRANSPORT";"0";"";"ABJ";"";"2";"0";"0,00";"1";"-1";"0,00";"01";"01";"46700000000"
"AXA DJAMSY AUTO EXPORT CI";"AXA DJAMSY AUTO EXPORT CI";"0";"";"ABJ";"";"2";"0";"0,00";"1";"-1";"0,00";"01";"01";"46700000000"
"AXA DIAOUNES ET FRERES";"AXA DIAOUNES ET FRERES";"0";"";"ABJ";"";"2";"0";"0,00";"1";"-1";"0,00";"01";"01";"46700000000"
"AXA ECOOKIM";"AXA ECOOKIM";"0";"";"ABJ";"";"2";"0";"0,00";"1";"-1";"0,00";"01";"01";"46700000000"
"AXA ENVAL LABORATOIRE P/C STE";"AXA ENVAL LABORATOIRE P/C STE";"0";"";"ABJ";"";"2";"0";"0,00";"1";"-1";"0,00";"01";"01";"46700000000"
"AXA ETELEC";"AXA ETELEC";"0";"";"ABJ";"";"2";"0";"0,00";"1";"-1";"0,00";"01";"01";"46700000000"
"AXA ETUDE DE MAITRE SIDIBE ANGHUI";"AXA ETUDE DE MAITRE SIDIBE ANGHUI";"0";"";"ABJ";"";"2";"0";"0,00";"1";"-1";"0,00";"01";"01";"46700000000"
"AXA FIDUCIAIRE AFRIQUE DE";"AXA FIDUCIAIRE AFRIQUE DE";"0";"";"ABJ";"";"2";"0";"0,00";"1";"-1";"0,00";"01";"01";"46700000000"
"AXA FOND DE DEVELOPPEMENT DU TRASPORT";"AXA FOND DE DEVELOPPEMENT DU TRASPORT";"0";"";"ABJ";"";"2";"0";"0,00";"1";"-1";"0,00";"01";"01";"46700000000"
"AXA ETUDE MAITRE GNAKOURI";"AXA ETUDE MAITRE GNAKOURI";"0";"";"ABJ";"";"2";"0";"0,00";"1";"-1";"0,00";"01";"01";"46700000000"
"AXA FONDATION HOUPHOUET B.";"AXA FONDATION HOUPHOUET B.";"0";"";"ABJ";"";"2";"0";"0,00";"1";"-1";"0,00";"01";"01";"46700000000"
"AXA GLOBAL CROP MANAGEMENT";"AXA GLOBAL CROP MANAGEMENT";"0";"";"ABJ";"";"2";"0";"0,00";"1";"-1";"0,00";"01";"01";"46700000000"
"AXA GRAPHICOLOR";"AXA GRAPHICOLOR";"0";"";"ABJ";"";"2";"0";"0,00";"1";"-1";"0,00";"01";"01";"46700000000"
"AXA GROUPE FADOUL";"AXA GROUPE FADOUL";"0";"";"ABJ";"";"2";"0";"0,00";"1";"-1";"0,00";"01";"01";"46700000000"
"AXA HAUSSMANN COTE";"AXA HAUSSMANN COTE";"0";"";"ABJ";"";"2";"0";"0,00";"1";"-1";"0,00";"01";"01";"46700000000"
"AXA HUAWEI TECHNOLOGIES";"AXA HUAWEI TECHNOLOGIES";"0";"";"ABJ";"";"2";"0";"0,00";"1";"-1";"0,00";"01";"01";"46700000000"
"AXA ID TELECOM";"AXA ID TELECOM";"0";"";"ABJ";"";"2";"0";"0,00";"1";"-1";"0,00";"01";"01";"46700000000"
"AXA ITCA(IVOIRIENNE DE TRAITEMENT DE)";"AXA ITCA(IVOIRIENNE DE TRAITEMENT DE)";"0";"";"ABJ";"";"2";"0";"0,00";"1";"-1";"0,00";"01";"01";"46700000000"
"AXA KOIRA SARL";"AXA KOIRA SARL";"0";"";"ABJ";"";"2";"0";"0,00";"1";"-1";"0,00";"01";"01";"46700000000"
"AXA L MESSINA COTE D'IVOIRE";"AXA L MESSINA COTE D'IVOIRE";"0";"";"ABJ";"";"2";"0";"0,00";"1";"-1";"0,00";"01";"01";"46700000000"
"AXA L'EBURNEA RH";"AXA L'EBURNEA RH";"0";"";"ABJ";"";"2";"0";"0,00";"1";"-1";"0,00";"01";"01";"46700000000"
"AXA MSG";"AXA MSG";"0";"";"ABJ";"";"2";"0";"0,00";"1";"-1";"0,00";"01";"01";"46700000000"
"AXA MUTUELLE BAROLD";"AXA MUTUELLE BAROLD";"0";"";"ABJ";"";"2";"0";"0,00";"1";"-1";"0,00";"01";"01";"46700000000"
"AXA MCE";"AXA MCE";"0";"";"ABJ";"";"2";"0";"0,00";"1";"-1";"0,00";"01";"01";"46700000000"
"AXA MY GO";"AXA MY GO";"0";"";"ABJ";"";"2";"0";"0,00";"1";"-1";"0,00";"01";"01";"46700000000"
"AXA NEW CUBE SARL";"AXA NEW CUBE SARL";"0";"";"ABJ";"";"2";"0";"0,00";"1";"-1";"0,00";"01";"01";"46700000000"
"AXA PHAMARCIE DES CITES SYNACASSI";"AXA PHAMARCIE DES CITES SYNACASSI";"0";"";"ABJ";"";"2";"0";"0,00";"1";"-1";"0,00";"01";"01";"46700000000"
"AXA PHCIE DU JUBILE";"AXA PHCIE DU JUBILE";"0";"";"ABJ";"";"2";"0";"0,00";"1";"-1";"0,00";"01";"01";"46700000000"
"AXA PHCIE DU MILLIONNAIRE";"AXA PHCIE DU MILLIONNAIRE";"0";"";"ABJ";"";"2";"0";"0,00";"1";"-1";"0,00";"01";"01";"46700000000"
"AXA PHCIE DE LA GARE DE SOUBRE";"AXA PHCIE DE LA GARE DE SOUBRE";"0";"";"ABJ";"";"2";"0";"0,00";"1";"-1";"0,00";"01";"01";"46700000000"
"AXA PHCIE DU COMMERCE DE MAN";"AXA PHCIE DU COMMERCE DE MAN";"0";"";"ABJ";"";"2";"0";"0,00";"1";"-1";"0,00";"01";"01";"46700000000"
"AXA RTIS TECHNOLOGIES";"AXA RTIS TECHNOLOGIES";"0";"";"ABJ";"";"2";"0";"0,00";"1";"-1";"0,00";"01";"01";"46700000000"
"AXA SARITEL";"AXA SARITEL";"0";"";"ABJ";"";"2";"0";"0,00";"1";"-1";"0,00";"01";"01";"46700000000"
"AXA SAPLED SARL";"AXA SAPLED SARL";"0";"";"ABJ";"";"2";"0";"0,00";"1";"-1";"0,00";"01";"01";"46700000000"
"AXA SICOSAP";"AXA SICOSAP";"0";"";"ABJ";"";"2";"0";"0,00";"1";"-1";"0,00";"01";"01";"46700000000"
"AXA SIDAAL";"AXA SIDAAL";"0";"";"ABJ";"";"2";"0";"0,00";"1";"-1";"0,00";"01";"01";"46700000000"
"AXA SN AMDE";"AXA SN AMDE";"0";"";"ABJ";"";"2";"0";"0,00";"1";"-1";"0,00";"01";"01";"46700000000"
"AXA SOCOTEC AFRICA";"AXA SOCOTEC AFRICA";"0";"";"ABJ";"";"2";"0";"0,00";"1";"-1";"0,00";"01";"01";"46700000000"
"AXA STE GRAABEL PHARMA";"AXA STE GRAABEL PHARMA";"0";"";"ABJ";"";"2";"0";"0,00";"1";"-1";"0,00";"01";"01";"46700000000"
"AXA TRACTAFRIC MOTORS AO";"AXA TRACTAFRIC MOTORS AO";"0";"";"ABJ";"";"2";"0";"0,00";"1";"-1";"0,00";"01";"01";"46700000000"
"AXA SOPLAD";"AXA SOPLAD";"0";"";"ABJ";"";"2";"0";"0,00";"1";"-1";"0,00";"01";"01";"46700000000"
"AXA TRACTAFRIC MOTORS CI";"AXA TRACTAFRIC MOTORS CI";"0";"";"ABJ";"";"2";"0";"0,00";"1";"-1";"0,00";"01";"01";"46700000000"
"AXA UNIVELECT SAS";"AXA UNIVELECT SAS";"0";"";"ABJ";"";"2";"0";"0,00";"1";"-1";"0,00";"01";"01";"46700000000"
"AXA VISION PHARMA";"AXA VISION PHARMA";"0";"";"ABJ";"";"2";"0";"0,00";"1";"-1";"0,00";"01";"01";"46700000000"
"MCI CAREA CTIVA ASSURANCES";"MCI CARE ACTIVA ASSURANCES";"0";"";"ABJ";"";"2";"0";"0,00";"1";"0";"0,00";"01";"01";"46700000000"
"MCI CARE AERIA";"MCI CARE AERIA";"0";"";"ABJ";"";"2";"0";"0,00";"1";"0";"0,00";"01";"01";"46700000000"
"MCI CARE ALLIANZ COTE-D'IVOIRE ASSURANCES";"MCI CARE ALLIANZ COTE-D'IVOIRE ASSURANCES";"0";"";"ABJ";"";"2";"0";"0,00";"1";"0";"0,00";"01";"01";"46700000000"
"MCI CARE AMSA ASSURANCES";"MCI CARE AMSA ASSURANCES";"0";"";"ABJ";"";"2";"0";"0,00";"1";"0";"0,00";"01";"01";"46700000000"
"MCI CARE AMSAR";"MCI CARE AMSAR";"0";"";"ABJ";"";"2";"0";"0,00";"1";"0";"0,00";"01";"01";"46700000000"
"MCI CARE ANADER";"MCI CARE ANADER";"0";"";"ABJ";"";"2";"0";"0,00";"1";"-1";"0,00";"01";"01";"46700000000"
"MCI CARE ASMAR";"MCI CARE ASMAR";"0";"";"ABJ";"";"2";"0";"0,00";"1";"0";"0,00";"01";"01";"46700000000"
"MCI CARE ASSEMBLEE DES REGIONS ET DISTRICTS DEC.I";"MCI CARE ASSEMBLEE DES REGIONS ET DISTRICTS DEC.I";"0";"";"ABJ";"";"2";"0";"0,00";"1";"0";"0,00";"01";"01";"46700000000"
"MCI CARE ASSURANCE MALADIE GROUPE CARRE D'OR";"MCI CARE ASSURANCE MALADIE GROUPE CARRE D'OR";"0";"";"ABJ";"";"2";"0";"0,00";"1";"0";"0,00";"01";"01";"46700000000"
"MCI CARE ATLANTA CI";"MCI CARE ATLANTA CI";"0";"";"ABJ";"";"2";"0";"0,00";"1";"0";"0,00";"01";"01";"46700000000"
"MCI CARE ATLANTIQUE ASSURANCES COTE-D'IVOIRE";"MCI CARE ATLANTIQUE ASSURANCES COTE-D'IVOIRE";"0";"";"ABJ";"";"2";"0";"0,00";"1";"0";"0,00";"01";"01";"46700000000"
"MCI CARE AXA COTE-D'IVOIRE";"MCI CARE AXA COTE-D'IVOIRE";"0";"";"ABJ";"";"2";"0";"0,00";"1";"0";"0,00";"01";"01";"46700000000"
"MCI CARE BATIM AUTOFINANCEMENTT";"MCI CARE BATIM AUTOFINANCEMENTT";"0";"";"ABJ";"";"2";"0";"0,00";"1";"0";"0,00";"01";"01";"46700000000"
"MCI CARE BONIKRO GOLD MINE SA";"MCI CARE BONIKRO GOLD MINE SA";"0";"";"ABJ";"";"2";"0";"0,00";"1";"0";"0,00";"01";"01";"46700000000"
"MCI CARE CDCI";"MCI CARE CDCI";"0";"";"ABJ";"";"2";"0";"0,00";"1";"0";"0,00";"01";"01";"46700000000"
"MCI CARE CIT/OCI (ORANGE CI)";"MCI CARE CIT/OCI (ORANGE CI)";"0";"";"ABJ";"";"2";"0";"0,00";"1";"0";"0,00";"01";"01";"46700000000"
"MCI CARE COMAR ASSURANCES";"MCI CARE COMAR ASSURANCES";"0";"";"ABJ";"";"2";"0";"0,00";"1";"0";"0,00";"01";"01";"46700000000"
"MCI CARE CORLAY COTE-D'IVOIRE";"MCI CARE CORLAY COTE-D'IVOIRE";"0";"";"ABJ";"";"2";"0";"0,00";"1";"0";"0,00";"01";"01";"46700000000"
"MCI CARE DELOITE COTE D'IVOIRE";"MCI CARE DELOITE COTE D'IVOIRE";"0";"";"ABJ";"";"2";"0";"0,00";"1";"0";"0,00";"01";"01";"46700000000"
"MCI CAR EECOBANK";"MCI CARE ECOBANK";"0";"";"ABJ";"";"2";"0";"0,00";"1";"0";"0,00";"01";"01";"46700000000"
"MCI CARE EXPERTIS CONSULTING";"MCI CARE EXPERTIS CONSULTING";"0";"";"ABJ";"";"2";"0";"0,00";"1";"0";"0,00";"01";"01";"46700000000"
"MCI CARE FONDS DE PREVOYANCES MUTUELLE THEMIS";"MCI CARE FONDS DE PREVOYANCES MUTUELLE THEMIS";"0";"";"ABJ";"";"2";"0";"0,00";"1";"0";"0,00";"01";"01";"46700000000"
"MCI CARE FRIDA";"MCI CARE FRIDA";"0";"";"ABJ";"";"2";"0";"0,00";"1";"0";"0,00";"01";"01";"46700000000"
"MCI CARE GCYA ASSUR";"MCI CARE GCYA ASSUR";"0";"";"ABJ";"";"2";"0";"0,00";"1";"0";"0,00";"01";"01";"46700000000"
"MCI CARE GNA-GENERATION NOUVELLE D'ASSURANCES CI";"MCI CARE GNA-GENERATION NOUVELLE D'ASSURANCES CI";"0";"";"ABJ";"";"2";"0";"0,00";"1";"0";"0,00";"01";"01";"46700000000"
"MCI CARE GROUPE AMIDA";"MCI CARE GROUPE AMIDA";"0";"";"ABJ";"";"2";"0";"0,00";"1";"0";"0,00";"01";"01";"46700000000"
"MCI CARE GROUPE BOLLORE";"MCI CARE GROUPE BOLLORE";"0";"";"ABJ";"";"2";"0";"0,00";"1";"0";"0,00";"01";"01";"46700000000"
"MCI CARE GROUPE OLAM IVOIRE";"MCI CARE GROUPE OLAM IVOIRE";"0";"";"ABJ";"";"2";"0";"0,00";"1";"0";"0,00";"01";"01";"46700000000"
"MCI CARE GRPT DES CADRES SUPERIEURS DE LA SANTE";"MCI CARE GRPT DES CADRES SUPERIEURS DE LA SANTE";"0";"";"ABJ";"";"2";"0";"0,00";"1";"0";"0,00";"01";"01";"46700000000"
"MCI CARE HUAWEI TECHNOLOGIE CI";"MCI CARE HUAWEI TECHNOLOGIE CI";"0";"";"ABJ";"";"2";"0";"0,00";"1";"0";"0,00";"01";"01";"46700000000"
"MCI CARE IVOIRIENNE DISTR.DE TABAC";"MCI CARE IVOIRIENNE DISTR.DE TABAC";"0";"";"ABJ";"";"2";"0";"0,00";"1";"0";"0,00";"01";"01";"46700000000"
"MCI CARE IVOSEP";"MCI CARE IVOSEP";"0";"";"ABJ";"";"2";"0";"0,00";"1";"0";"0,00";"01";"01";"46700000000"
"MCI CARE L'AFRICAINE DES ASSUR.CI";"MCI CARE L'AFRICAINE DES ASSUR.CI";"0";"";"ABJ";"";"2";"0";"0,00";"1";"0";"0,00";"01";"01";"46700000000"
"MCI CARE LION GPL SA";"MCI CARE LION GPL SA";"0";"";"ABJ";"";"2";"0";"0,00";"1";"0";"0,00";"01";"01";"46700000000"
"MCI CARE LONACI";"MCI CARE LONACI";"0";"";"ABJ";"";"2";"0";"0,00";"1";"0";"0,00";"01";"01";"46700000000"
"MCI CARE LA MUTREPCI";"MCI CARE LA MUTREPCI";"0";"";"ABJ";"";"2";"0";"0,00";"1";"0";"0,00";"01";"01";"46700000000"
"MCI CARE COTE D'IVOIRE";"MCI CARE COTE D'IVOIRE";"0";"";"ABJ";"";"2";"0";"0,00";"1";"0";"0,00";"01";"01";"46700000000"
"MCI CARE MU.MA.SIA";"MCI CARE MU.MA.SIA";"0";"";"ABJ";"";"2";"0";"0,00";"1";"0";"0,00";"01";"01";"46700000000"
"MCI CARE MUTUELLE DES AGENTS SOLIBRA";"MCI CARE MUTUELLE DES AGENTS SOLIBRA";"0";"";"ABJ";"";"2";"0";"0,00";"1";"0";"0,00";"01";"01";"46700000000"
"MCI CARE MUTUELLE IDIS";"MCI CARE MUTUELLE IDIS";"0";"";"ABJ";"";"2";"0";"0,00";"1";"0";"0,00";"01";"01";"46700000000"
"MCI CARE MUTUELLE DE SANTE SIPEFCI";"MCI CARE MUTUELLE DE SANTE SIPEFCI";"0";"";"ABJ";"";"2";"0";"0,00";"1";"0";"0,00";"01";"01";"46700000000"
"MCI CARE MUTUELLE MALADIE SCB";"MCI CARE MUTUELLE MALADIE SCB";"0";"";"ABJ";"";"2";"0";"0,00";"1";"0";"0,00";"01";"01";"46700000000"
"MCI CARE MUTUELLE MEDICALE A. SITARAIL";"MCI CARE MUTUELLE MEDICALE A. SITARAIL";"0";"";"ABJ";"";"2";"0";"0,00";"1";"0";"0,00";"01";"01";"46700000000"
"MCI CARE MUTUELLE SANTE LBP-EJP";"MCI CARE MUTUELLE SANTE LBP-EJP";"0";"";"ABJ";"";"2";"0";"0,00";"1";"0";"0,00";"01";"01";"46700000000"
"MCI CARE NAS IVOIRE";"MCI CARE NAS IVOIRE";"0";"";"ABJ";"";"2";"0";"0,00";"1";"0";"0,00";"01";"01";"46700000000"
"MCI CARE MUTUELLE UNIWAX";"MCI CARE MUTUELLE UNIWAX";"0";"";"ABJ";"";"2";"0";"0,00";"1";"0";"0,00";"01";"01";"46700000000"
"MCI CARE NOUVELLE MICI EMRACI";"MCI CARE NOUVELLE MICI EMRACI";"0";"";"ABJ";"";"2";"0";"0,00";"1";"0";"0,00";"01";"01";"46700000000"
"MCI CARE NPSP CI";"MCI CARE NPSP CI";"0";"";"ABJ";"";"2";"0";"0,00";"1";"0";"0,00";"01";"01";"46700000000"
"MCI CARE NSIA-ASSURANCES";"MCI CARE NSIA-ASSURANCES";"0";"";"ABJ";"";"2";"0";"0,00";"1";"0";"0,00";"01";"01";"46700000000"
"MCI CARE OREOLE CGA";"MCI CARE OREOLE CGA";"0";"";"ABJ";"";"2";"0";"0,00";"1";"0";"0,00";"01";"01";"46700000000"
"MCI CARE PALM CI";"MCI CARE PALM CI";"0";"";"ABJ";"";"2";"0";"0,00";"1";"0";"0,00";"01";"01";"46700000000"
"MCI CARE PERSONNEL ADMINISTRATIF ASS. NATIONALE";"MCI CARE PERSONNEL ADMINISTRATIF ASS. NATIONALE";"0";"";"ABJ";"";"2";"0";"0,00";"1";"0";"0,00";"01";"01";"46700000000"
"MCI CARE PERSONNEL MINISTERE DU PLAN ET DU DEVEPPEMENT";"MCI CARE PERSONNEL MINISTERE DU PLAN ET DU DEVEPPEMENT";"0";"";"ABJ";"";"2";"0";"0,00";"1";"0";"0,00";"01";"01";"46700000000"
"MCI CARE OFFICE IVOIRIEN DES CHARGEURS";"MCI CARE OFFICE IVOIRIEN DES CHARGEURS";"0";"";"ABJ";"";"2";"0";"0,00";"1";"0";"0,00";"01";"01";"46700000000"
"MCI CARE PERSONNEL SERENITY SA";"MCI CARE PERSONNEL SERENITY SA";"0";"";"ABJ";"";"2";"0";"0,00";"1";"0";"0,00";"01";"01";"46700000000"
"MCI CARE PETROCI";"MCI CARE PETROCI";"0";"";"ABJ";"";"2";"0";"0,00";"1";"0";"0,00";"01";"01";"46700000000"
"MCI CARE POLYCLINIQUE FARAH";"MCI CARE POLYCLINIQUE FARAH";"0";"";"ABJ";"";"2";"0";"0,00";"1";"0";"0,00";"01";"01";"46700000000"
"MCI CARE POLYCLINIQUE INTERNATIONALE DE L'INDENIE";"MCI CARE POLYCLINIQUE INTERNATIONALE DE L'INDENIE";"0";"";"ABJ";"";"2";"0";"0,00";"1";"0";"0,00";"01";"01";"46700000000"
"MCI CARE RESAFIG";"MCI CARE RESAFIG";"0";"";"ABJ";"";"2";"0";"0,00";"1";"0";"0,00";"01";"01";"46700000000"
"MCI CARE SAAR COTE-D'IVOIRE";"MCI CARE SAAR COTE-D'IVOIRE";"0";"";"ABJ";"";"2";"0";"0,00";"1";"0";"0,00";"01";"01";"46700000000"
"MCI CARE RMO";"MCI CARE RMO";"0";"";"ABJ";"";"2";"0";"0,00";"1";"0";"0,00";"01";"01";"46700000000"
"MCI CARE SAFA ASSURANCES";"MCI CARE SAFA ASSURANCES";"0";"";"ABJ";"";"2";"0";"0,00";"1";"0";"0,00";"01";"01";"46700000000"
"MCI CARE SAHAM ASSURANCE";"MCI CARE SAHAM ASSURANCE";"0";"";"ABJ";"";"2";"0";"0,00";"1";"0";"0,00";"01";"01";"46700000000"
"MCI CARE SAHAM ASSURANCE VIE C.I.";"MCI CARE SAHAM ASSURANCE VIE C.I.";"0";"";"ABJ";"";"2";"0";"0,00";"1";"0";"0,00";"01";"01";"46700000000"
"MCI CARE SAHAM AUTOASSURANCE PERSONNEL";"MCI CARE SAHAM AUTOASSURANCE PERSONNEL";"0";"";"ABJ";"";"2";"0";"0,00";"1";"0";"0,00";"01";"01";"46700000000"
"MCI CARE SAHAM BURKINA-FASO";"MCI CARE SAHAM BURKINA-FASO";"0";"";"ABJ";"";"2";"0";"0,00";"1";"0";"0,00";"01";"01";"46700000000"
"MCI CARE SAHAM MALI";"MCI CARE SAHAM MALI";"0";"";"ABJ";"";"2";"0";"0,00";"1";"0";"0,00";"01";"01";"46700000000"
"MCI CARE SENART RCI";"MCI CARE SENART RCI";"0";"";"ABJ";"";"2";"0";"0,00";"1";"0";"0,00";"01";"01";"46700000000"
"MCI CARE SAPH";"MCI CARE SAPH";"0";"";"ABJ";"";"2";"0";"0,00";"1";"0";"0,00";"01";"01";"46700000000"
"MCI CARE SERVAIR ABIDJAN";"MCI CARE SERVAIR ABIDJAN";"0";"";"ABJ";"";"2";"0";"0,00";"1";"0";"0,00";"01";"01";"46700000000"
"MCI CARE SICMA";"MCI CARE SICMA";"0";"";"ABJ";"";"2";"0";"0,00";"1";"0";"0,00";"01";"01";"46700000000"
"MCI CARE SICODIS";"MCI CARE SICODIS";"0";"";"ABJ";"";"2";"0";"0,00";"1";"0";"0,00";"01";"01";"46700000000"
"MCI CARE SERENITY SA";"MCI CARE SERENITY SA";"0";"";"ABJ";"";"2";"0";"0,00";"1";"0";"0,00";"01";"01";"46700000000"
"MCI CARE SIDAM";"MCI CARE SIDAM";"0";"";"ABJ";"";"2";"0";"0,00";"1";"0";"0,00";"01";"01";"46700000000"
"MCI CARE SIPRA AUTOASSURANCES";"MCI CARE SIPRA AUTOASSURANCES";"0";"";"ABJ";"";"2";"0";"0,00";"1";"0";"0,00";"01";"01";"46700000000"
"MCI CARE SNPECI GROUPE FRATERNITE MATIN";"MCI CARE SNPECI GROUPE FRATERNITE MATIN";"0";"";"ABJ";"";"2";"0";"0,00";"1";"0";"0,00";"01";"01";"46700000000"
"MCI CARE SODEFOR";"MCI CARE SODEFOR";"0";"";"ABJ";"";"2";"0";"0,00";"1";"0";"0,00";"01";"01";"46700000000"
"MCI CARE SODEXAM";"MCI CARE SODEXAM";"0";"";"ABJ";"";"2";"0";"0,00";"1";"0";"0,00";"01";"01";"46700000000"
"MCI CARE SOUDOTEC";"MCI CARE SOUDOTEC";"0";"";"ABJ";"";"2";"0";"0,00";"1";"0";"0,00";"01";"01";"46700000000"
"HENNER AFD";"HENNER AFD";"0";"";"ABJ";"";"2";"0";"0,00";"1";"-1";"0,00";"01";"01";"46700000000"
"MCI CARE SUCAF CI";"MCI CARE SUCAF CI";"0";"";"ABJ";"";"2";"0";"0,00";"1";"0";"0,00";"01";"01";"46700000000"
"MCI CARE SUNU ASSURANCES";"MCI CARE SUNU ASSURANCES";"0";"";"ABJ";"";"2";"0";"0,00";"1";"0";"0,00";"01";"01";"46700000000"
"MCI CARE SUCRE IVOIRE";"MCI CARE SUCRE IVOIRE";"0";"";"ABJ";"";"2";"0";"0,00";"1";"0";"0,00";"01";"01";"46700000000"
"MCI CARE TRCI-TROPICA RUBBER COTE D'IVOIRE";"MCI CARE TRCI-TROPICA RUBBER COTE D'IVOIRE";"0";"";"ABJ";"";"2";"0";"0,00";"1";"0";"0,00";"01";"01";"46700000000"
"MCI CARE UNILEVER";"MCI CARE UNILEVER";"0";"";"ABJ";"";"2";"0";"0,00";"1";"0";"0,00";"01";"01";"46700000000"
"MCI CARE WAFA ASSURANCE COTE D'IVOIRE";"MCI CARE WAFA ASSURANCE COTE D'IVOIRE";"0";"";"ABJ";"";"2";"0";"0,00";"1";"0";"0,00";"01";"01";"46700000000"
"HENNER AFDB RETIREES";"HENNER AFDB RETIREES";"0";"";"ABJ";"";"2";"0";"0,00";"1";"-1";"0,00";"01";"01";"46700000000"
"HENNER AFDB ACTIVE STAFF";"HENNER AFDB ACTIVE STAFF";"0";"";"ABJ";"";"2";"0";"0,00";"1";"-1";"0,00";"01";"01";"46700000000"
"HENNER AFDB FIELD OFFICE";"HENNER AFDB FIELD OFFICE";"0";"";"ABJ";"";"2";"0";"0,00";"1";"-1";"0,00";"01";"01";"46700000000"
"HENNER ADEN SERVICES(GROUP) CO LIMITED";"HENNER ADEN SERVICES(GROUP) CO LIMITED";"0";"";"ABJ";"";"2";"0";"0,00";"1";"-1";"0,00";"01";"01";"46700000000"
"HENNER CEF SERVICES";"HENNER CEF SERVICES";"0";"";"ABJ";"";"2";"0";"0,00";"1";"-1";"0,00";"01";"01";"46700000000"
"HENNER AGENCE FRANCAISE D'EXPERTISE TECHNIQUE INT";"HENNER AGENCE FRANCAISE D'EXPERTISE TECHNIQUE INT";"0";"";"ABJ";"";"2";"0";"0,00";"1";"-1";"0,00";"01";"01";"46700000000"
"HENNER EUROTECHNOLOGIES LIMITED";"HENNER EUROTECHNOLOGIES LIMITED";"0";"";"ABJ";"";"2";"0";"0,00";"1";"-1";"0,00";"01";"01";"46700000000"
"HENNER HENNER-GMC";"HENNER HENNER-GMC";"0";"";"ABJ";"";"2";"0";"0,00";"1";"-1";"0,00";"01";"01";"46700000000"
"HENNER MAINBY S.A";"HENNER MAINBY S.A";"0";"";"ABJ";"";"2";"0";"0,00";"1";"-1";"0,00";"01";"01";"46700000000"
"HENNER SGI2M";"HENNER SGI2M";"0";"";"ABJ";"";"2";"0";"0,00";"1";"-1";"0,00";"01";"01";"46700000000"
"HENNER SIFCA";"HENNER SIFCA";"0";"";"ABJ";"";"2";"0";"0,00";"1";"-1";"0,00";"01";"01";"46700000000"
"HENNER HESNAULT GUYANCOURT";"HENNER HESNAULT GUYANCOURT";"0";"";"ABJ";"";"2";"0";"0,00";"1";"-1";"0,00";"01";"01";"46700000000"
"HENNER SODIREP";"HENNER SODIREP";"0";"";"ABJ";"";"2";"0";"0,00";"1";"-1";"0,00";"01";"01";"46700000000"
"HENNER TOTAL S.A.";"HENNER TOTAL S.A.";"0";"";"ABJ";"";"2";"0";"0,00";"1";"-1";"0,00";"01";"01";"46700000000"
"HENNER WFP IVOIRY COST";"HENNER WFP IVOIRY COST";"0";"";"ABJ";"";"2";"0";"0,00";"1";"-1";"0,00";"01";"01";"46700000000"
"STANE";"STANE";"";"";"ABIDJAN";"";"2";"0";"0,00";"1";"-1";"0,00";"01";"01";"46700000000"
"SCA-INTER A";"SCA-INTER A";"";"";"ABIDJAN";"";"2";"0";"0,00";"1";"-1";"0,00";"01";"01";"46700000000"
"MUGEF-CI";"MUGEF-CI";"";"";"ABIDJAN";"";"2";"0";"0,00";"1";"-1";"0,00";"01";"01";"46700000000"
"IVOIR SANTE";"IVOIR SANTE";"";"";"ABIDJAN";"";"2";"0";"0,00";"1";"-1";"0,00";"01";"01";"46700000000"
"SWAN";"SWAN";"";"";"ABIDJAN";"";"2";"0";"0,00";"1";"-1";"0,00";"01";"01";"46700000000"
"NSIA MOGOBAYA";"NSIA MOGOBAYA";"";"";"ABIDJAN";"";"2";"0";"0,00";"1";"-1";"0,00";"01";"01";"46700000000"
"NSIA ASSURANCES";"NSIA ASSURANCES";"";"";"ABIDJAN";"";"2";"0";"0,00";"1";"-1";"0,00";"01";"01";"46700000000"
"CNAM";"CNAM";"";"";"ABIDJAN";"";"2";"0";"0,00";"1";"-1";"0,00";"01";"01";"46700000000"
"ASCOMA SPCA";"ASCOMA SPCA";"00000000";"";"ABJ";"";"1";"0";"0,00";"1";"-1";"0,00";"01";"01";"46700000000"
"ASCOMA SGS SICTA";"ASCOMA SGS SICTA";"00000000";"";"ABJ";"";"1";"0";"0,00";"1";"-1";"0,00";"01";"01";"46700000000"
"ASCOMA PACTILIS ERICSS";"ASCOMA PACTILIS ERICSS";"20301301";"";"ABJ";"";"1";"0";"0,00";"1";"-1";"0,00";"01";"01";"46700000000"
"ALLIANZ";"ALLIANZ";"20304000";"";"ABDJ";"";"1";"0";"0,00";"1";"-1";"0,00";"01";"01";"46700000000"
"COMAR SDIA";"COMAR SDIA";"0000";"";"000";"";"1";"0";"0,00";"1";"-1";"0,00";"01";"01";"46700000000"
"WILLIS TW PRESIDENCE";"WILLIS TW PRESI";"0000";"";"000";"";"1";"0";"0,00";"1";"-1";"0,00";"01";"01";"46700000000"
"AXA SOCIETE GOD";"AXA STE GOD";"0000";"";"0000";"";"1";"0";"0,00";"1";"-1";"0,00";"01";"01";"46700000000"
"ASCOMA SMABTP CI SA";"ASCOMA SMABTP CI";"000";"";"0000";"";"1";"0";"0,00";"1";"-1";"0,00";"01";"01";"46700000000"
"AXA GROUPE DUVAL";"AXA GROUP DUVAL";".00";"";"000";"";"1";"0";"0,00";"1";"-1";"0,00";"01";"01";"46700000000"
"ASCOMA COMPAGNIE HOTEL";"ASCOMA COMPAGNIE H";"0000";"";"0000";"";"1";"0";"0,00";"1";"-1";"0,00";"01";"01";"46700000000"
"WILLIS TW SYNACASS-CI";"WILLIS TW SYNA";"000";"";"000";"";"1";"0";"0,00";"1";"-1";"0,00";"01";"01";"46700000000"
"COMAR UNIVERS DES EPI";"COMAR UNIVERS DES EPI";"0000";"";"0000";"";"1";"0";"0,00";"1";"-1";"0,00";"01";"01";"46700000000"
"ASCOMA GIZ";"ASCOMA GIZ";"000";"";"000";"";"1";"0";"0,00";"1";"-1";"0,00";"01";"01";"46700000000"
"COMAR SOGICI";"COMAR SOGICI";"000";"";"00000";"";"1";"0";"0,00";"1";"-1";"0,00";"01";"01";"46700000000"
"ASCOMA EMUCI";"ASCOMA EMUCI";"20300300";"";"01155";"";"1";"0";"0,00";"1";"0";"0,00";"01";"01";"46700000000"
"AXA MUTUELLE YAFOLO";"AXA MUTUELLE YAFOLO";"000";"";"000";"";"1";"0";"0,00";"1";"-1";"0,00";"01";"01";"46700000000"
"WILLIS TW ACTIVA ASSURANCES CI";"WILLIS TW ACTIVA ASSURANCES CI";"000";"";"0000";"";"1";"0";"0,00";"1";"-1";"0,00";"01";"01";"46700000000"
"HENNER TBA";"HENNER TBA";"000";"";"000";"";"1";"0";"0,00";"1";"-1";"0,00";"01";"01";"46700000000"
"ASCOMA PACTILIS GENERA";"ASCOMA PACTILIS GENERA";"0000";"";"000 ";"";"1";"0";"0,00";"1";"-1";"0,00";"01";"01";"46700000000"
"ASCOMA COCITAM";"ASCOMA COCITAM";"00000";"";"000000";"";"1";"0";"0,00";"1";"-1";"0,00";"01";"01";"46700000000"
"ASCOMA SUNUAUTO ASS";"ASCOMA SUNUAUTO ASS";"000";"";"000";"";"1";"0";"0,00";"1";"-1";"0,00";"01";"01";"46700000000"
"COMAR FADCO COMPAGNY";"COMAR FADCO COMPAGNY";"20202459";"";"ABJ";"";"1";"0";"0,00";"1";"-1";"0,00";"01";"01";"46700000000"
"ASCOMA ALLIANZ";"ASCOMA ALLIANZ";"20301301";"";"ABJ";"";"1";"0";"0,00";"1";"-1";"0,00";"01";"01";"46700000000"
"MUGEF-CI IVOIR SANTE";"MUGEF-CI IVOIR SANTE";"20257400";"";"ABJ";"";"1";"0";"0,00";"1";"-1";"0,00";"01";"01";"46700000000"
"ASCOMA QUIPUX AFRIQUE";"ASCOMA QUIPUX AFRIQUE";"20301301";"";"ABJ";"";"1";"0";"0,00";"1";"-1";"0,00";"01";"01";"46700000000"
"ASCOMA SACO";"ASCOMA SACO";"20301301";"";"ABJ";"";"1";"0";"0,00";"1";"-1";"0,00";"01";"01";"46700000000"
"ASCOMA CARGILL COCOA S";"ASCOMA CARGILL COCOA S";"000";"";"000";"";"1";"0";"0,00";"1";"-1";"0,00";"01";"01";"46700000000"
"MCI CARE SNEDAI GROUPE CI";"MCI CARE SNEDAI GROUPE CI";"20316500";"";"ABJ";"";"1";"0";"0,00";"1";"0";"0,00";"01";"01";"46700000000"
"AXA OFFICE NATIONAL ";"AXA OFFICE NATIONAL ";"000";"";"000";"";"1";"0";"0,00";"1";"-1";"0,00";"01";"01";"46700000000"
"ASCOMA CITIBANK";"ASCOMA CITIBANK";"000";"";"000";"";"1";"0";"0,00";"1";"-1";"0,00";"01";"01";"46700000000"
"ECOTI SA";"COMAR";"20202459";"";"01BP5699ABDJ 01";"";"1";"0";"0,00";"1";"-1";"0,00";"01";"01";"46700000000"
"COMAR ECOTI SA";"COMAR ECOTI SA";"20202459";"";"ABJ";"";"1";"0";"0,00";"1";"-1";"0,00";"01";"01";"46700000000"
"COMAR CHOUR HUSSEIN";"COMAR CHOUR HUSSEIN";"20202459";"";"ABJ";"";"1";"0";"0,00";"1";"-1";"0,00";"01";"01";"46700000000"
"COMAR CHOUR HUSSEIN";"COMAR CHOUR HUSSEIN";"20202459";"";"ABJ";"";"1";"0";"0,00";"1";"-1";"0,00";"01";"01";"46700000000"
"COMAR ETS RZ CI";"COMAR ETS RZ CI";"000";"";"000";"";"1";"0";"0,00";"1";"-1";"0,00";"01";"01";"46700000000"
"COMAR SOGELUX";"COMAR SOGELUX";"20202459";"";"ABJ";"";"1";"0";"0,00";"1";"-1";"0,00";"01";"01";"46700000000"
"COMAR SOROUBAT INTER";"COMAR SOROUBAT INTER.";"20202459";"";"ABJ";"";"1";"0";"0,00";"1";"-1";"0,00";"01";"01";"46700000000"
"ASCOMA LYDIA LUDIC";"ASCOMA LYDIA LUDIC";"20300300";"";"ABJ";"";"1";"0";"0,00";"1";"-1";"0,00";"01";"01";"46700000000"
"ASCOMA QUIPUX AFRIQUE";"ASCOMA QUIPUX AFRIQUE";"20300300";"";"ABJ";"";"1";"0";"0,00";"1";"-1";"0,00";"01";"01";"46700000000"
"COMAR AFRIC INVEST";"COMAR AFRIC INVEST";"20202459";"";"ABJ ";"";"1";"0";"0,00";"1";"-1";"0,00";"01";"01";"46700000000"
"ASCOMA UTB";"ASCOMA UTB";"20301301";"";"ABJ";"";"1";"0";"0,00";"1";"-1";"0,00";"01";"01";"46700000000"
"ASCOMA PACTILIS MAERSK";"ASCOMA PACTILIS MAERSK";"20301301";"";"ABJ";"";"1";"0";"0,00";"1";"-1";"0,00";"01";"01";"46700000000"
"COMAR IVOIR ASSUR";"COMAR IVOIR ASSUR";"20202455";"";"0000";"";"1";"0";"0,00";"1";"0";"0,00";"01";"01";"46700000000"
"MCI CARE ALLIANZ ";"MCI CARE ALLIANZ ";"20316500";"";"ABJ";"";"1";"0";"0,00";"1";"0";"0,00";"01";"01";"46700000000"
"ASCOMA SYNAFIG";"ASCOMA SYNAFIG";"20301301";"";"0000";"";"1";"0";"0,00";"1";"-1";"0,00";"01";"01";"46700000000"
"COMAR SOROUBAT";"COMAR SOROUBAT";"00000";"";"0000";"";"1";"0";"0,00";"1";"-1";"0,00";"01";"01";"46700000000"
"ASCOMA CICR";"ASCOMA CICR";"0000";"";"0000";"";"1";"0";"0,00";"1";"-1";"0,00";"01";"01";"46700000000"
"WILLIS TW CEMOI";"WILLIS TW MUTUELLE CEMOI";"00000";"";"000";"";"1";"0";"0,00";"1";"-1";"0,00";"01";"01";"46700000000"
"ASCOMA CARGILL WEST";"ASCOMA CARGILL WEST";"20301301";"";"000";"";"1";"0";"0,00";"1";"-1";"0,00";"01";"01";"46700000000"
"COMAR PREMIUM AFFINITAIRE";"COMAR PRE AFF";"000000";"";"000";"";"1";"0";"0,00";"1";"-1";"0,00";"01";"01";"46700000000"
"COMAR AFRICA TRAILER";"COMAR AFR TRAI";"00000";"";"00000";"";"1";"0";"0,00";"1";"-1";"0,00";"01";"01";"46700000000"
"ASCOMA BUREAU VERITAS";"ASCOMA BUREAU VERITAS";"000";"";"000";"";"1";"0";"0,00";"1";"-1";"0,00";"01";"01";"46700000000"
"COMAR BUSINESS";"COMAR BUSINESS";"0000";"";"0000";"";"1";"0";"0,00";"1";"0";"0,00";"01";"01";"46700000000"
"COMAR CABLES COTE DIVOIRE";"COMAR CABLES";"0000";"";"000";"";"1";"0";"0,00";"1";"-1";"0,00";"01";"01";"46700000000"
"ASCOMA PACTILIS DOW AG";"ASCOMA PACTILIS DOW AG";"0000";"";"0000";"";"1";"0";"0,00";"1";"0";"0,00";"01";"01";"46700000000"
"CAPI";"CAPI";"";"";"ABIDJAN";"";"2";"0";"0,00";"1";"-1";"0,00";"01";"02";"46700000000"
"HYDROPLAST";"HYDROPLAST";"";"";"ABIDJAN";"";"2";"0";"0,00";"1";"-1";"0,00";"01";"02";"46700000000"
"SACRI";"SACRI";"";"";"ABIDJAN";"";"2";"0";"0,00";"1";"-1";"0,00";"01";"02";"46700000000"
"COURS SEVIGNE";"COURS SEVIGNE";"";"";"ABIDJAN";"";"2";"0";"0,00";"1";"-1";"0,00";"01";"02";"46700000000"
"PHARMACIE SAINT RUTH";"PHARMACIE SAINT RUTH";"";"";"ABIDJAN";"";"2";"0";"0,00";"1";"-1";"0,00";"01";"02";"46700000000"
"ECOLE LIBANAISE";"ECOLE LIBANAISE";"";"";"ABIDJAN";"";"2";"0";"0,00";"1";"-1";"0,00";"01";"02";"46700000000"
"GID";"GID";"";"";"ABIDJAN";"";"2";"0";"0,00";"1";"-1";"0,00";"01";"02";"46700000000"
"DROCOLOR";"DROCOLOR";"";"";"ABIDJAN";"";"2";"0";"0,00";"1";"-1";"0,00";"01";"02";"46700000000"
"BIPTFOP";"BIPTFOP";"";"";"ABIDJAN";"";"2";"0";"0,00";"1";"-1";"0,00";"01";"02";"46700000000"
"CLIENT OCCATIONNEL";"CLIENT OCCATIONNEL";"";"";"ABIDJAN";"";"2";"0";"0,00";"1";"-1";"0,00";"01";"02";"46700000000"
"SDIPM";"SDIPM";"";"";"ABIDJAN";"";"2";"0";"0,00";"1";"-1";"0,00";"01";"02";"46700000000"
"HOTEL ELITE";"HOTEL ELITE";"";"";"ABIDJAN";"";"2";"0";"0,00";"1";"-1";"0,00";"01";"02";"46700000000"
"SPIRAL";"SPIRAL";"";"";"ABIDJAN";"";"2";"0";"0,00";"1";"-1";"0,00";"01";"02";"46700000000"
"ANGORA REMI ERIC";"ANGORA REMI ERIC";"";"";"ABIDJAN";"";"2";"0";"0,00";"1";"-1";"0,00";"01";"02";"46700000000"
"KASSI GEORGES";"KASSI GEORGES";"";"";"ABIDJAN";"";"2";"0";"0,00";"1";"-1";"0,00";"01";"02";"46700000000"
"DR BOUBOUTOU KABORE";"DR BOUBOUTOU KABORE";"";"";"ABIDJAN";"";"2";"0";"0,00";"1";"-1";"0,00";"01";"02";"46700000000"
"DJIBO DESIREE MARIAM";"DJIBO DESIREE MARIAM";"";"";"ABIDJAN";"";"2";"0";"0,00";"1";"-1";"0,00";"01";"02";"46700000000"
"MME DONWAHI";"MME DONWAHI";"";"";"ABIDJAN";"";"2";"0";"0,00";"1";"-1";"0,00";"01";"02";"46700000000"
"ABOUO N'GUESSAN ARNAUD";"ABOUO N'GUESSAN ARNAUD";"";"";"ABIDJAN";"";"2";"0";"0,00";"1";"-1";"0,00";"01";"02";"46700000000"
"JEAN PHILLIP KABORE";"JEAN PHILLIP KABORE";"";"";"ABIDJAN";"";"2";"0";"0,00";"1";"-1";"0,00";"01";"02";"46700000000"
"MAITRE FADIKA DELAFOSSE";"MAITRE FADIKA DELAFOSSE";"";"";"ABIDJAN";"";"2";"0";"0,00";"1";"-1";"0,00";"01";"02";"46700000000"
"BAMOUNI RENE";"BAMOUNI RENE";"";"";"ABIDJAN";"";"2";"0";"0,00";"1";"-1";"0,00";"01";"02";"46700000000"
"AVVOCATO DOMINIQUE";"AVVOCATO DOMINIQUE";"";"";"ABIDJAN";"";"2";"0";"0,00";"1";"-1";"0,00";"01";"02";"46700000000"
"RNMPHARMA PISAM";"RNMPHARMA PISAM";"";"";"ABIDJAN";"";"2";"0";"0,00";"1";"-1";"0,00";"01";"02";"46700000000"
"RUTHYS PHCIE";"RUTHYS PHCIE";"";"";"ABIDJAN";"";"2";"0";"0,00";"1";"-1";"0,00";"01";"02";"46700000000"
"GNABA EDWIGE";"GNABA EDWIGE";"";"";"ABIDJAN";"";"2";"0";"0,00";"1";"-1";"0,00";"01";"02";"46700000000"
"SENOU PAUL";"SENOU PAUL";"";"";"ABIDJAN";"";"2";"0";"0,00";"1";"-1";"0,00";"01";"02";"46700000000"
"NZI ESTHER";"NZI ESTHER";"";"";"ABIDJAN";"";"2";"0";"0,00";"1";"-1";"0,00";"01";"02";"46700000000"
"KOUASSI MARIAM";"KOUASSI MARIAM";"";"";"ABIDJAN";"";"2";"0";"0,00";"1";"-1";"0,00";"01";"02";"46700000000"
"KABORE JEAN PHILIPPE";"KABORE JEAN PHILIPPE";"";"";"ABIDJAN";"";"2";"0";"0,00";"1";"-1";"0,00";"01";"02";"46700000000"
"BEDJI BLAISE A";"BEDJI BLAISE A";"";"";"ABIDJAN";"";"2";"0";"0,00";"1";"-1";"0,00";"01";"02";"46700000000"
"DR SAMAGASSI";"DR SAMAGASSI";"";"";"ABIDJAN";"";"2";"0";"0,00";"1";"-1";"0,00";"01";"02";"46700000000"
"KONAN HELENE";"KONAN HELENE";"";"";"ABIDJAN";"";"2";"0";"0,00";"1";"-1";"0,00";"01";"02";"46700000000"
"KASSI EBA PAULETTE";"KASSI EBA PAULETTE";"";"";"ABIDJAN";"";"2";"0";"0,00";"1";"-1";"0,00";"01";"02";"46700000000"
"OUATTARA ADAMA";"OUATTARA ADAMA";"";"";"ABIDJAN";"";"2";"0";"0,00";"1";"-1";"0,00";"01";"02";"46700000000"
"AMICHIA RENE";"AMICHIA RENE";"";"";"ABIDJAN";"";"2";"0";"0,00";"1";"-1";"0,00";"01";"02";"46700000000"
"MR EBAH FABRICE";"MR EBAH FABRICE";"";"";"ABIDJAN";"";"2";"0";"0,00";"1";"-1";"0,00";"01";"02";"46700000000"
"AKPA SERGE EVILIA";"AKPA SERGE EVILIA";"";"";"ABIDJAN";"";"2";"0";"0,00";"1";"-1";"0,00";"01";"02";"46700000000"
"KOFFI KOUAME GUY CHARLES";"KOFFI KOUAME GUY CHARLES";"";"";"ABIDJAN";"";"2";"0";"0,00";"1";"-1";"0,00";"01";"02";"46700000000"
"MME BOHOUSSOU KANZIE CHRISTELLE";"MME BOHOUSSOU KANZIE CHRISTELLE";"";"";"ABIDJAN";"";"2";"0";"0,00";"1";"-1";"0,00";"01";"02";"46700000000"
"GNAE SANDRINE";"GNAE SANDRINE";"";"";"ABIDJAN";"";"2";"0";"0,00";"1";"-1";"0,00";"01";"02";"46700000000"
"INGRID DAHOUET";"INGRID DAHOUET";"";"";"ABIDJAN";"";"2";"0";"0,00";"1";"-1";"0,00";"01";"02";"46700000000"
"TATIANA YOUKOU";"TATIANA YOUKOU";"";"";"ABIDJAN";"";"2";"0";"0,00";"1";"-1";"0,00";"01";"02";"46700000000"
"ARMAND TOURE";"ARMAND TOURE";"";"";"ABIDJAN";"";"2";"0";"0,00";"1";"-1";"0,00";"01";"02";"46700000000"
"EKRA HUGUES";"EKRA HUGUES";"";"";"ABIDJAN";"";"2";"0";"0,00";"1";"-1";"0,00";"01";"02";"46700000000"
"BRETT GHISLAINE";"BRETT GHISLAINE";"";"";"ABIDJAN";"";"2";"0";"0,00";"1";"-1";"0,00";"01";"02";"46700000000"
"LESLY GOLLY";"LESLY GOLLY";"";"";"ABIDJAN";"";"2";"0";"0,00";"1";"-1";"0,00";"01";"02";"46700000000"
"DR OUATTARA MAIMOUNA";"DR OUATTARA MAIMOUNA";"";"";"ABIDJAN";"";"2";"0";"0,00";"1";"-1";"0,00";"01";"02";"46700000000"
"TIMITE MALIK";"TIMITE MALIK";"";"";"ABIDJAN";"";"2";"0";"0,00";"1";"-1";"0,00";"01";"02";"46700000000"
"GBADIE OLGA DENISE EPOKOU";"GBADIE OLGA DENISE EPOKOU";"";"";"ABIDJAN";"";"2";"0";"0,00";"1";"-1";"0,00";"01";"02";"46700000000"
"MR AMICHIA RENE";"MR AMICHIA RENE";"";"";"ABIDJAN";"";"2";"0";"0,00";"1";"-1";"0,00";"01";"02";"46700000000"
"ASSEMIEN ARSENE";"ASSEMIEN ARSENE";"";"";"ABIDJAN";"";"2";"0";"0,00";"1";"-1";"0,00";"01";"02";"46700000000"
"BOUBOUTOU LAURA";"BOUBOUTOU LAURA";"";"";"ABIDJAN";"";"2";"0";"0,00";"1";"-1";"0,00";"01";"02";"46700000000"
"KAMSE HEPINA";"KAMSE HEPINA";"";"";"ABIDJAN";"";"2";"0";"0,00";"1";"-1";"0,00";"01";"02";"46700000000"
"LIONS CLUB ABJ OCEAN";"LIONS CLUB ABJ OCEAN";"";"";"ABIDJAN";"";"2";"0";"0,00";"1";"-1";"0,00";"01";"02";"46700000000"
"N'DRI JULIETTE";"N'DRI JULIETTE";"";"";"ABIDJAN";"";"2";"0";"0,00";"1";"-1";"0,00";"01";"02";"46700000000"
"JEANSON JEAN CLAUDE";"JEANSON JEAN CLAUDE";"";"";"ABIDJAN";"";"2";"0";"0,00";"1";"-1";"0,00";"01";"02";"46700000000"
"BOUBOUTOU GABRIELLE";"BOUBOUTOU GABRIELLE";"";"";"ABIDJAN";"";"2";"0";"0,00";"1";"-1";"0,00";"01";"02";"46700000000"
"DR OUATTARA FRANCK";"DR OUATTARA FRANCK";"";"";"ABIDJAN";"";"2";"0";"0,00";"1";"-1";"0,00";"01";"02";"46700000000"
"DR DJAZE HENOC";"DR DJAZE HENOC";"";"";"ABIDJAN";"";"2";"0";"0,00";"1";"-1";"0,00";"01";"02";"46700000000"
"KEBET CHARLOTTE";"KEBET CHARLOTTE";"";"";"ABIDJAN";"";"2";"0";"0,00";"1";"-1";"0,00";"01";"02";"46700000000"
"DR KOFFI";"DR KOFFI";"";"";"ABIDJAN";"";"2";"0";"0,00";"1";"-1";"0,00";"01";"02";"46700000000"
"DR DADJE CYRIAQUE";"DR DADJE CYRIAQUE";"0000";"";"000";"";"1";"0";"0,00";"1";"-1";"0,00";"01";"02";"46700000000"
